year,province,region,mean_temperature,mean_province
1901,Tierra Del Fuego,Patagonia,6.29,4.99
1902,Tierra Del Fuego,Patagonia,5.5,4.99
1903,Tierra Del Fuego,Patagonia,5.54,4.99
1904,Tierra Del Fuego,Patagonia,5.8,4.99
1905,Tierra Del Fuego,Patagonia,4.53,4.99
1906,Tierra Del Fuego,Patagonia,4.3,4.99
1907,Tierra Del Fuego,Patagonia,4.53,4.99
1908,Tierra Del Fuego,Patagonia,4.47,4.99
1909,Tierra Del Fuego,Patagonia,4.35,4.99
1910,Tierra Del Fuego,Patagonia,5.42,4.99
1911,Tierra Del Fuego,Patagonia,5.39,4.99
1912,Tierra Del Fuego,Patagonia,5.55,4.99
1913,Tierra Del Fuego,Patagonia,4.94,4.99
1914,Tierra Del Fuego,Patagonia,4.76,4.99
1915,Tierra Del Fuego,Patagonia,4.99,4.99
1916,Tierra Del Fuego,Patagonia,5.84,4.99
1917,Tierra Del Fuego,Patagonia,5.95,4.99
1918,Tierra Del Fuego,Patagonia,5.36,4.99
1919,Tierra Del Fuego,Patagonia,5.76,4.99
1920,Tierra Del Fuego,Patagonia,5.77,4.99
1921,Tierra Del Fuego,Patagonia,5.72,4.99
1922,Tierra Del Fuego,Patagonia,5.69,4.99
1923,Tierra Del Fuego,Patagonia,4.64,4.99
1924,Tierra Del Fuego,Patagonia,5.63,4.99
1925,Tierra Del Fuego,Patagonia,5.06,4.99
1926,Tierra Del Fuego,Patagonia,5.07,4.99
1927,Tierra Del Fuego,Patagonia,5.28,4.99
1928,Tierra Del Fuego,Patagonia,5.28,4.99
1929,Tierra Del Fuego,Patagonia,5.27,4.99
1930,Tierra Del Fuego,Patagonia,5.02,4.99
1931,Tierra Del Fuego,Patagonia,4.94,4.99
1932,Tierra Del Fuego,Patagonia,4.53,4.99
1933,Tierra Del Fuego,Patagonia,4.74,4.99
1934,Tierra Del Fuego,Patagonia,4.85,4.99
1935,Tierra Del Fuego,Patagonia,4.32,4.99
1936,Tierra Del Fuego,Patagonia,4.77,4.99
1937,Tierra Del Fuego,Patagonia,4.26,4.99
1938,Tierra Del Fuego,Patagonia,4.49,4.99
1939,Tierra Del Fuego,Patagonia,4.09,4.99
1940,Tierra Del Fuego,Patagonia,4.79,4.99
1941,Tierra Del Fuego,Patagonia,4.88,4.99
1942,Tierra Del Fuego,Patagonia,5.04,4.99
1943,Tierra Del Fuego,Patagonia,5.37,4.99
1944,Tierra Del Fuego,Patagonia,4.94,4.99
1945,Tierra Del Fuego,Patagonia,5.17,4.99
1946,Tierra Del Fuego,Patagonia,4.58,4.99
1947,Tierra Del Fuego,Patagonia,4.78,4.99
1948,Tierra Del Fuego,Patagonia,4.32,4.99
1949,Tierra Del Fuego,Patagonia,4.81,4.99
1950,Tierra Del Fuego,Patagonia,4.38,4.99
1951,Tierra Del Fuego,Patagonia,5.03,4.99
1952,Tierra Del Fuego,Patagonia,5.32,4.99
1953,Tierra Del Fuego,Patagonia,4.99,4.99
1954,Tierra Del Fuego,Patagonia,4.68,4.99
1955,Tierra Del Fuego,Patagonia,4.87,4.99
1956,Tierra Del Fuego,Patagonia,5.31,4.99
1957,Tierra Del Fuego,Patagonia,4.71,4.99
1958,Tierra Del Fuego,Patagonia,4.56,4.99
1959,Tierra Del Fuego,Patagonia,4.13,4.99
1960,Tierra Del Fuego,Patagonia,5.03,4.99
1961,Tierra Del Fuego,Patagonia,4.13,4.99
1962,Tierra Del Fuego,Patagonia,5.39,4.99
1963,Tierra Del Fuego,Patagonia,4.43,4.99
1964,Tierra Del Fuego,Patagonia,4.57,4.99
1965,Tierra Del Fuego,Patagonia,5.18,4.99
1966,Tierra Del Fuego,Patagonia,4.69,4.99
1967,Tierra Del Fuego,Patagonia,4.73,4.99
1968,Tierra Del Fuego,Patagonia,5.21,4.99
1969,Tierra Del Fuego,Patagonia,4.64,4.99
1970,Tierra Del Fuego,Patagonia,4.91,4.99
1971,Tierra Del Fuego,Patagonia,4.15,4.99
1972,Tierra Del Fuego,Patagonia,4.44,4.99
1973,Tierra Del Fuego,Patagonia,4.41,4.99
1974,Tierra Del Fuego,Patagonia,5.16,4.99
1975,Tierra Del Fuego,Patagonia,4.98,4.99
1976,Tierra Del Fuego,Patagonia,4.3,4.99
1977,Tierra Del Fuego,Patagonia,4.78,4.99
1978,Tierra Del Fuego,Patagonia,5.3,4.99
1979,Tierra Del Fuego,Patagonia,5.31,4.99
1980,Tierra Del Fuego,Patagonia,4.63,4.99
1981,Tierra Del Fuego,Patagonia,5.1,4.99
1982,Tierra Del Fuego,Patagonia,4.96,4.99
1983,Tierra Del Fuego,Patagonia,5.29,4.99
1984,Tierra Del Fuego,Patagonia,4.43,4.99
1985,Tierra Del Fuego,Patagonia,5.4,4.99
1986,Tierra Del Fuego,Patagonia,4.61,4.99
1987,Tierra Del Fuego,Patagonia,5.37,4.99
1988,Tierra Del Fuego,Patagonia,5.16,4.99
1989,Tierra Del Fuego,Patagonia,5.23,4.99
1990,Tierra Del Fuego,Patagonia,5.06,4.99
1991,Tierra Del Fuego,Patagonia,4.53,4.99
1992,Tierra Del Fuego,Patagonia,4.64,4.99
1993,Tierra Del Fuego,Patagonia,5.21,4.99
1994,Tierra Del Fuego,Patagonia,4.62,4.99
1995,Tierra Del Fuego,Patagonia,4.68,4.99
1996,Tierra Del Fuego,Patagonia,5.3,4.99
1997,Tierra Del Fuego,Patagonia,4.52,4.99
1998,Tierra Del Fuego,Patagonia,5.82,4.99
1999,Tierra Del Fuego,Patagonia,5.22,4.99
2000,Tierra Del Fuego,Patagonia,4.5,4.99
2001,Tierra Del Fuego,Patagonia,4.67,4.99
2002,Tierra Del Fuego,Patagonia,4.28,4.99
2003,Tierra Del Fuego,Patagonia,5.13,4.99
2004,Tierra Del Fuego,Patagonia,5.83,4.99
2005,Tierra Del Fuego,Patagonia,5.08,4.99
2006,Tierra Del Fuego,Patagonia,5.25,4.99
2007,Tierra Del Fuego,Patagonia,4.71,4.99
2008,Tierra Del Fuego,Patagonia,5.34,4.99
2009,Tierra Del Fuego,Patagonia,4.94,4.99
2010,Tierra Del Fuego,Patagonia,5.07,4.99
2011,Tierra Del Fuego,Patagonia,5.29,4.99
2012,Tierra Del Fuego,Patagonia,5.01,4.99
2013,Tierra Del Fuego,Patagonia,5.4,4.99
2014,Tierra Del Fuego,Patagonia,4.96,4.99
2015,Tierra Del Fuego,Patagonia,4.99,4.99
2016,Tierra Del Fuego,Patagonia,5.64,4.99
2017,Tierra Del Fuego,Patagonia,5.46,4.99
2018,Tierra Del Fuego,Patagonia,5.38,4.99
2019,Tierra Del Fuego,Patagonia,5.23,4.99
2020,Tierra Del Fuego,Patagonia,5.55,4.99
1901,Santa Cruz,Patagonia,8.57,7.84
1902,Santa Cruz,Patagonia,7.79,7.84
1903,Santa Cruz,Patagonia,7.89,7.84
1904,Santa Cruz,Patagonia,8.37,7.84
1905,Santa Cruz,Patagonia,7.57,7.84
1906,Santa Cruz,Patagonia,7.67,7.84
1907,Santa Cruz,Patagonia,7.37,7.84
1908,Santa Cruz,Patagonia,7.54,7.84
1909,Santa Cruz,Patagonia,7.49,7.84
1910,Santa Cruz,Patagonia,7.92,7.84
1911,Santa Cruz,Patagonia,7.87,7.84
1912,Santa Cruz,Patagonia,8.17,7.84
1913,Santa Cruz,Patagonia,8.01,7.84
1914,Santa Cruz,Patagonia,7.61,7.84
1915,Santa Cruz,Patagonia,7.72,7.84
1916,Santa Cruz,Patagonia,8.18,7.84
1917,Santa Cruz,Patagonia,8.6,7.84
1918,Santa Cruz,Patagonia,7.9,7.84
1919,Santa Cruz,Patagonia,8.21,7.84
1920,Santa Cruz,Patagonia,8.18,7.84
1921,Santa Cruz,Patagonia,8.01,7.84
1922,Santa Cruz,Patagonia,8.2,7.84
1923,Santa Cruz,Patagonia,7.47,7.84
1924,Santa Cruz,Patagonia,8.2,7.84
1925,Santa Cruz,Patagonia,7.69,7.84
1926,Santa Cruz,Patagonia,7.62,7.84
1927,Santa Cruz,Patagonia,8,7.84
1928,Santa Cruz,Patagonia,7.83,7.84
1929,Santa Cruz,Patagonia,7.97,7.84
1930,Santa Cruz,Patagonia,7.87,7.84
1931,Santa Cruz,Patagonia,7.8,7.84
1932,Santa Cruz,Patagonia,7.75,7.84
1933,Santa Cruz,Patagonia,7.5,7.84
1934,Santa Cruz,Patagonia,7.64,7.84
1935,Santa Cruz,Patagonia,7.53,7.84
1936,Santa Cruz,Patagonia,7.55,7.84
1937,Santa Cruz,Patagonia,7.3,7.84
1938,Santa Cruz,Patagonia,7.42,7.84
1939,Santa Cruz,Patagonia,7.28,7.84
1940,Santa Cruz,Patagonia,7.69,7.84
1941,Santa Cruz,Patagonia,7.61,7.84
1942,Santa Cruz,Patagonia,7.82,7.84
1943,Santa Cruz,Patagonia,8.28,7.84
1944,Santa Cruz,Patagonia,7.93,7.84
1945,Santa Cruz,Patagonia,8.17,7.84
1946,Santa Cruz,Patagonia,7.39,7.84
1947,Santa Cruz,Patagonia,7.7,7.84
1948,Santa Cruz,Patagonia,7.46,7.84
1949,Santa Cruz,Patagonia,7.89,7.84
1950,Santa Cruz,Patagonia,7.3,7.84
1951,Santa Cruz,Patagonia,7.86,7.84
1952,Santa Cruz,Patagonia,8.25,7.84
1953,Santa Cruz,Patagonia,7.84,7.84
1954,Santa Cruz,Patagonia,7.48,7.84
1955,Santa Cruz,Patagonia,7.45,7.84
1956,Santa Cruz,Patagonia,7.86,7.84
1957,Santa Cruz,Patagonia,7.59,7.84
1958,Santa Cruz,Patagonia,7.68,7.84
1959,Santa Cruz,Patagonia,7.45,7.84
1960,Santa Cruz,Patagonia,8,7.84
1961,Santa Cruz,Patagonia,6.94,7.84
1962,Santa Cruz,Patagonia,8.36,7.84
1963,Santa Cruz,Patagonia,7.42,7.84
1964,Santa Cruz,Patagonia,7.4,7.84
1965,Santa Cruz,Patagonia,7.46,7.84
1966,Santa Cruz,Patagonia,7.77,7.84
1967,Santa Cruz,Patagonia,7.84,7.84
1968,Santa Cruz,Patagonia,8.39,7.84
1969,Santa Cruz,Patagonia,7.89,7.84
1970,Santa Cruz,Patagonia,7.91,7.84
1971,Santa Cruz,Patagonia,6.94,7.84
1972,Santa Cruz,Patagonia,7.15,7.84
1973,Santa Cruz,Patagonia,7.44,7.84
1974,Santa Cruz,Patagonia,7.57,7.84
1975,Santa Cruz,Patagonia,7.76,7.84
1976,Santa Cruz,Patagonia,7.18,7.84
1977,Santa Cruz,Patagonia,7.57,7.84
1978,Santa Cruz,Patagonia,8.11,7.84
1979,Santa Cruz,Patagonia,8.15,7.84
1980,Santa Cruz,Patagonia,7.63,7.84
1981,Santa Cruz,Patagonia,7.96,7.84
1982,Santa Cruz,Patagonia,7.6,7.84
1983,Santa Cruz,Patagonia,8.37,7.84
1984,Santa Cruz,Patagonia,7.14,7.84
1985,Santa Cruz,Patagonia,8.38,7.84
1986,Santa Cruz,Patagonia,7.63,7.84
1987,Santa Cruz,Patagonia,8.33,7.84
1988,Santa Cruz,Patagonia,7.96,7.84
1989,Santa Cruz,Patagonia,8.26,7.84
1990,Santa Cruz,Patagonia,8.26,7.84
1991,Santa Cruz,Patagonia,7.44,7.84
1992,Santa Cruz,Patagonia,7.47,7.84
1993,Santa Cruz,Patagonia,8.11,7.84
1994,Santa Cruz,Patagonia,7.67,7.84
1995,Santa Cruz,Patagonia,7.51,7.84
1996,Santa Cruz,Patagonia,8.12,7.84
1997,Santa Cruz,Patagonia,7.43,7.84
1998,Santa Cruz,Patagonia,8.87,7.84
1999,Santa Cruz,Patagonia,8.14,7.84
2000,Santa Cruz,Patagonia,7.17,7.84
2001,Santa Cruz,Patagonia,7.49,7.84
2002,Santa Cruz,Patagonia,7.07,7.84
2003,Santa Cruz,Patagonia,7.91,7.84
2004,Santa Cruz,Patagonia,8.66,7.84
2005,Santa Cruz,Patagonia,7.76,7.84
2006,Santa Cruz,Patagonia,7.95,7.84
2007,Santa Cruz,Patagonia,7.66,7.84
2008,Santa Cruz,Patagonia,8.36,7.84
2009,Santa Cruz,Patagonia,8.05,7.84
2010,Santa Cruz,Patagonia,7.87,7.84
2011,Santa Cruz,Patagonia,8.38,7.84
2012,Santa Cruz,Patagonia,8.11,7.84
2013,Santa Cruz,Patagonia,8.44,7.84
2014,Santa Cruz,Patagonia,8.01,7.84
2015,Santa Cruz,Patagonia,8.24,7.84
2016,Santa Cruz,Patagonia,8.5,7.84
2017,Santa Cruz,Patagonia,8.38,7.84
2018,Santa Cruz,Patagonia,8.23,7.84
2019,Santa Cruz,Patagonia,8.19,7.84
2020,Santa Cruz,Patagonia,8.45,7.84
1901,Jujuy,NOA,10.7,9.84
1902,Jujuy,NOA,10.46,9.84
1903,Jujuy,NOA,9.87,9.84
1904,Jujuy,NOA,9.77,9.84
1905,Jujuy,NOA,9.55,9.84
1906,Jujuy,NOA,10.26,9.84
1907,Jujuy,NOA,9.43,9.84
1908,Jujuy,NOA,9.73,9.84
1909,Jujuy,NOA,9.7,9.84
1910,Jujuy,NOA,9.47,9.84
1911,Jujuy,NOA,9.28,9.84
1912,Jujuy,NOA,10.1,9.84
1913,Jujuy,NOA,10.25,9.84
1914,Jujuy,NOA,10.02,9.84
1915,Jujuy,NOA,10.13,9.84
1916,Jujuy,NOA,9.73,9.84
1917,Jujuy,NOA,9.1,9.84
1918,Jujuy,NOA,9.32,9.84
1919,Jujuy,NOA,10.21,9.84
1920,Jujuy,NOA,10.01,9.84
1921,Jujuy,NOA,9.35,9.84
1922,Jujuy,NOA,9.35,9.84
1923,Jujuy,NOA,9.64,9.84
1924,Jujuy,NOA,9.59,9.84
1925,Jujuy,NOA,9.94,9.84
1926,Jujuy,NOA,10.32,9.84
1927,Jujuy,NOA,9.52,9.84
1928,Jujuy,NOA,9.32,9.84
1929,Jujuy,NOA,9.77,9.84
1930,Jujuy,NOA,10.07,9.84
1931,Jujuy,NOA,9.29,9.84
1932,Jujuy,NOA,10,9.84
1933,Jujuy,NOA,9.68,9.84
1934,Jujuy,NOA,9.62,9.84
1935,Jujuy,NOA,10.09,9.84
1936,Jujuy,NOA,10.15,9.84
1937,Jujuy,NOA,10.08,9.84
1938,Jujuy,NOA,9.79,9.84
1939,Jujuy,NOA,9.9,9.84
1940,Jujuy,NOA,9.99,9.84
1941,Jujuy,NOA,9.79,9.84
1942,Jujuy,NOA,9.25,9.84
1943,Jujuy,NOA,9.34,9.84
1944,Jujuy,NOA,9.98,9.84
1945,Jujuy,NOA,10.08,9.84
1946,Jujuy,NOA,10.01,9.84
1947,Jujuy,NOA,9.53,9.84
1948,Jujuy,NOA,10.18,9.84
1949,Jujuy,NOA,9.53,9.84
1950,Jujuy,NOA,9.68,9.84
1951,Jujuy,NOA,9.73,9.84
1952,Jujuy,NOA,9.4,9.84
1953,Jujuy,NOA,10.04,9.84
1954,Jujuy,NOA,9.34,9.84
1955,Jujuy,NOA,9.16,9.84
1956,Jujuy,NOA,8.41,9.84
1957,Jujuy,NOA,9.22,9.84
1958,Jujuy,NOA,9.67,9.84
1959,Jujuy,NOA,9.24,9.84
1960,Jujuy,NOA,9.3,9.84
1961,Jujuy,NOA,10.38,9.84
1962,Jujuy,NOA,9.3,9.84
1963,Jujuy,NOA,9.97,9.84
1964,Jujuy,NOA,9.51,9.84
1965,Jujuy,NOA,9.91,9.84
1966,Jujuy,NOA,9.73,9.84
1967,Jujuy,NOA,10.11,9.84
1968,Jujuy,NOA,9.72,9.84
1969,Jujuy,NOA,10.4,9.84
1970,Jujuy,NOA,10.16,9.84
1971,Jujuy,NOA,9.41,9.84
1972,Jujuy,NOA,9.93,9.84
1973,Jujuy,NOA,9.71,9.84
1974,Jujuy,NOA,9.44,9.84
1975,Jujuy,NOA,9.72,9.84
1976,Jujuy,NOA,9.25,9.84
1977,Jujuy,NOA,9.93,9.84
1978,Jujuy,NOA,9.99,9.84
1979,Jujuy,NOA,9.73,9.84
1980,Jujuy,NOA,9.95,9.84
1981,Jujuy,NOA,9.69,9.84
1982,Jujuy,NOA,9.85,9.84
1983,Jujuy,NOA,9.75,9.84
1984,Jujuy,NOA,9.33,9.84
1985,Jujuy,NOA,9.89,9.84
1986,Jujuy,NOA,10.25,9.84
1987,Jujuy,NOA,10.04,9.84
1988,Jujuy,NOA,9.73,9.84
1989,Jujuy,NOA,10.09,9.84
1990,Jujuy,NOA,9.92,9.84
1991,Jujuy,NOA,10.26,9.84
1992,Jujuy,NOA,9.85,9.84
1993,Jujuy,NOA,10.13,9.84
1994,Jujuy,NOA,10.81,9.84
1995,Jujuy,NOA,10.16,9.84
1996,Jujuy,NOA,9.83,9.84
1997,Jujuy,NOA,10.56,9.84
1998,Jujuy,NOA,10.05,9.84
1999,Jujuy,NOA,9.5,9.84
2000,Jujuy,NOA,9.63,9.84
2001,Jujuy,NOA,9.93,9.84
2002,Jujuy,NOA,10.03,9.84
2003,Jujuy,NOA,10.18,9.84
2004,Jujuy,NOA,10,9.84
2005,Jujuy,NOA,9.94,9.84
2006,Jujuy,NOA,10.33,9.84
2007,Jujuy,NOA,9.58,9.84
2008,Jujuy,NOA,9.74,9.84
2009,Jujuy,NOA,10.1,9.84
2010,Jujuy,NOA,9.91,9.84
2011,Jujuy,NOA,9.83,9.84
2012,Jujuy,NOA,10.37,9.84
2013,Jujuy,NOA,10.11,9.84
2014,Jujuy,NOA,10.45,9.84
2015,Jujuy,NOA,10.55,9.84
2016,Jujuy,NOA,9.95,9.84
2017,Jujuy,NOA,10.46,9.84
2018,Jujuy,NOA,9.94,9.84
2019,Jujuy,NOA,10.09,9.84
2020,Jujuy,NOA,10.76,9.84
1901,Chubut,Patagonia,10.48,10.08
1902,Chubut,Patagonia,9.75,10.08
1903,Chubut,Patagonia,9.87,10.08
1904,Chubut,Patagonia,10.4,10.08
1905,Chubut,Patagonia,9.89,10.08
1906,Chubut,Patagonia,10.24,10.08
1907,Chubut,Patagonia,9.57,10.08
1908,Chubut,Patagonia,10,10.08
1909,Chubut,Patagonia,10,10.08
1910,Chubut,Patagonia,9.97,10.08
1911,Chubut,Patagonia,9.75,10.08
1912,Chubut,Patagonia,10.39,10.08
1913,Chubut,Patagonia,10.64,10.08
1914,Chubut,Patagonia,9.78,10.08
1915,Chubut,Patagonia,9.84,10.08
1916,Chubut,Patagonia,10.17,10.08
1917,Chubut,Patagonia,10.84,10.08
1918,Chubut,Patagonia,10.09,10.08
1919,Chubut,Patagonia,10.29,10.08
1920,Chubut,Patagonia,10.26,10.08
1921,Chubut,Patagonia,9.88,10.08
1922,Chubut,Patagonia,10.22,10.08
1923,Chubut,Patagonia,9.61,10.08
1924,Chubut,Patagonia,10.02,10.08
1925,Chubut,Patagonia,9.63,10.08
1926,Chubut,Patagonia,9.77,10.08
1927,Chubut,Patagonia,10.09,10.08
1928,Chubut,Patagonia,9.72,10.08
1929,Chubut,Patagonia,10.1,10.08
1930,Chubut,Patagonia,10.1,10.08
1931,Chubut,Patagonia,9.71,10.08
1932,Chubut,Patagonia,10.19,10.08
1933,Chubut,Patagonia,9.63,10.08
1934,Chubut,Patagonia,9.65,10.08
1935,Chubut,Patagonia,10.02,10.08
1936,Chubut,Patagonia,9.8,10.08
1937,Chubut,Patagonia,9.73,10.08
1938,Chubut,Patagonia,9.62,10.08
1939,Chubut,Patagonia,9.7,10.08
1940,Chubut,Patagonia,9.96,10.08
1941,Chubut,Patagonia,9.75,10.08
1942,Chubut,Patagonia,10.05,10.08
1943,Chubut,Patagonia,10.61,10.08
1944,Chubut,Patagonia,10.43,10.08
1945,Chubut,Patagonia,10.57,10.08
1946,Chubut,Patagonia,9.65,10.08
1947,Chubut,Patagonia,10.1,10.08
1948,Chubut,Patagonia,9.8,10.08
1949,Chubut,Patagonia,10.18,10.08
1950,Chubut,Patagonia,9.6,10.08
1951,Chubut,Patagonia,10,10.08
1952,Chubut,Patagonia,10.55,10.08
1953,Chubut,Patagonia,10.39,10.08
1954,Chubut,Patagonia,10.01,10.08
1955,Chubut,Patagonia,9.84,10.08
1956,Chubut,Patagonia,9.94,10.08
1957,Chubut,Patagonia,9.93,10.08
1958,Chubut,Patagonia,10.14,10.08
1959,Chubut,Patagonia,9.82,10.08
1960,Chubut,Patagonia,10.27,10.08
1961,Chubut,Patagonia,9.48,10.08
1962,Chubut,Patagonia,10.6,10.08
1963,Chubut,Patagonia,9.77,10.08
1964,Chubut,Patagonia,9.64,10.08
1965,Chubut,Patagonia,9.76,10.08
1966,Chubut,Patagonia,9.94,10.08
1967,Chubut,Patagonia,10.02,10.08
1968,Chubut,Patagonia,10.44,10.08
1969,Chubut,Patagonia,10.14,10.08
1970,Chubut,Patagonia,10.08,10.08
1971,Chubut,Patagonia,9.31,10.08
1972,Chubut,Patagonia,9.44,10.08
1973,Chubut,Patagonia,9.74,10.08
1974,Chubut,Patagonia,9.61,10.08
1975,Chubut,Patagonia,9.99,10.08
1976,Chubut,Patagonia,9.32,10.08
1977,Chubut,Patagonia,10.19,10.08
1978,Chubut,Patagonia,10.42,10.08
1979,Chubut,Patagonia,10.52,10.08
1980,Chubut,Patagonia,10.18,10.08
1981,Chubut,Patagonia,10.21,10.08
1982,Chubut,Patagonia,9.96,10.08
1983,Chubut,Patagonia,10.35,10.08
1984,Chubut,Patagonia,9.1,10.08
1985,Chubut,Patagonia,10.49,10.08
1986,Chubut,Patagonia,9.85,10.08
1987,Chubut,Patagonia,10.74,10.08
1988,Chubut,Patagonia,9.93,10.08
1989,Chubut,Patagonia,10.63,10.08
1990,Chubut,Patagonia,10.5,10.08
1991,Chubut,Patagonia,9.72,10.08
1992,Chubut,Patagonia,9.54,10.08
1993,Chubut,Patagonia,10.11,10.08
1994,Chubut,Patagonia,10.29,10.08
1995,Chubut,Patagonia,9.89,10.08
1996,Chubut,Patagonia,10.31,10.08
1997,Chubut,Patagonia,10.09,10.08
1998,Chubut,Patagonia,11,10.08
1999,Chubut,Patagonia,10.49,10.08
2000,Chubut,Patagonia,9.46,10.08
2001,Chubut,Patagonia,10,10.08
2002,Chubut,Patagonia,9.75,10.08
2003,Chubut,Patagonia,10.28,10.08
2004,Chubut,Patagonia,10.73,10.08
2005,Chubut,Patagonia,10.02,10.08
2006,Chubut,Patagonia,10.19,10.08
2007,Chubut,Patagonia,9.78,10.08
2008,Chubut,Patagonia,10.79,10.08
2009,Chubut,Patagonia,10.33,10.08
2010,Chubut,Patagonia,9.99,10.08
2011,Chubut,Patagonia,10.63,10.08
2012,Chubut,Patagonia,10.42,10.08
2013,Chubut,Patagonia,10.7,10.08
2014,Chubut,Patagonia,10.27,10.08
2015,Chubut,Patagonia,10.65,10.08
2016,Chubut,Patagonia,10.58,10.08
2017,Chubut,Patagonia,10.62,10.08
2018,Chubut,Patagonia,10.43,10.08
2019,Chubut,Patagonia,10.42,10.08
2020,Chubut,Patagonia,10.71,10.08
1901,Catamarca,NOA,10.95,10.17
1902,Catamarca,NOA,10.53,10.17
1903,Catamarca,NOA,9.99,10.17
1904,Catamarca,NOA,10.17,10.17
1905,Catamarca,NOA,9.86,10.17
1906,Catamarca,NOA,10.54,10.17
1907,Catamarca,NOA,9.68,10.17
1908,Catamarca,NOA,10,10.17
1909,Catamarca,NOA,9.92,10.17
1910,Catamarca,NOA,9.84,10.17
1911,Catamarca,NOA,9.61,10.17
1912,Catamarca,NOA,10.47,10.17
1913,Catamarca,NOA,11.03,10.17
1914,Catamarca,NOA,10.38,10.17
1915,Catamarca,NOA,10.46,10.17
1916,Catamarca,NOA,10.26,10.17
1917,Catamarca,NOA,9.88,10.17
1918,Catamarca,NOA,9.82,10.17
1919,Catamarca,NOA,10.5,10.17
1920,Catamarca,NOA,10.48,10.17
1921,Catamarca,NOA,9.54,10.17
1922,Catamarca,NOA,9.53,10.17
1923,Catamarca,NOA,9.84,10.17
1924,Catamarca,NOA,9.73,10.17
1925,Catamarca,NOA,10.44,10.17
1926,Catamarca,NOA,10.68,10.17
1927,Catamarca,NOA,10.12,10.17
1928,Catamarca,NOA,9.43,10.17
1929,Catamarca,NOA,10.43,10.17
1930,Catamarca,NOA,10.36,10.17
1931,Catamarca,NOA,9.07,10.17
1932,Catamarca,NOA,10.23,10.17
1933,Catamarca,NOA,9.99,10.17
1934,Catamarca,NOA,9.66,10.17
1935,Catamarca,NOA,10.18,10.17
1936,Catamarca,NOA,10,10.17
1937,Catamarca,NOA,10.24,10.17
1938,Catamarca,NOA,9.71,10.17
1939,Catamarca,NOA,9.99,10.17
1940,Catamarca,NOA,9.53,10.17
1941,Catamarca,NOA,9.65,10.17
1942,Catamarca,NOA,9.28,10.17
1943,Catamarca,NOA,9.63,10.17
1944,Catamarca,NOA,10.53,10.17
1945,Catamarca,NOA,10.66,10.17
1946,Catamarca,NOA,9.96,10.17
1947,Catamarca,NOA,9.82,10.17
1948,Catamarca,NOA,10.15,10.17
1949,Catamarca,NOA,9.78,10.17
1950,Catamarca,NOA,10.07,10.17
1951,Catamarca,NOA,10.09,10.17
1952,Catamarca,NOA,9.87,10.17
1953,Catamarca,NOA,10.2,10.17
1954,Catamarca,NOA,9.68,10.17
1955,Catamarca,NOA,9.38,10.17
1956,Catamarca,NOA,8.94,10.17
1957,Catamarca,NOA,9.79,10.17
1958,Catamarca,NOA,9.95,10.17
1959,Catamarca,NOA,9.43,10.17
1960,Catamarca,NOA,10.14,10.17
1961,Catamarca,NOA,10.52,10.17
1962,Catamarca,NOA,10.07,10.17
1963,Catamarca,NOA,10.02,10.17
1964,Catamarca,NOA,9.69,10.17
1965,Catamarca,NOA,10.27,10.17
1966,Catamarca,NOA,9.92,10.17
1967,Catamarca,NOA,10.45,10.17
1968,Catamarca,NOA,10.26,10.17
1969,Catamarca,NOA,10.88,10.17
1970,Catamarca,NOA,10.61,10.17
1971,Catamarca,NOA,9.97,10.17
1972,Catamarca,NOA,10.3,10.17
1973,Catamarca,NOA,9.97,10.17
1974,Catamarca,NOA,9.8,10.17
1975,Catamarca,NOA,10.06,10.17
1976,Catamarca,NOA,9.63,10.17
1977,Catamarca,NOA,10.41,10.17
1978,Catamarca,NOA,10.38,10.17
1979,Catamarca,NOA,9.73,10.17
1980,Catamarca,NOA,10.3,10.17
1981,Catamarca,NOA,10.31,10.17
1982,Catamarca,NOA,10.41,10.17
1983,Catamarca,NOA,9.93,10.17
1984,Catamarca,NOA,9.47,10.17
1985,Catamarca,NOA,10.15,10.17
1986,Catamarca,NOA,10.74,10.17
1987,Catamarca,NOA,10.26,10.17
1988,Catamarca,NOA,9.9,10.17
1989,Catamarca,NOA,10.75,10.17
1990,Catamarca,NOA,10.18,10.17
1991,Catamarca,NOA,10.5,10.17
1992,Catamarca,NOA,9.86,10.17
1993,Catamarca,NOA,10.31,10.17
1994,Catamarca,NOA,11.3,10.17
1995,Catamarca,NOA,10.91,10.17
1996,Catamarca,NOA,10.36,10.17
1997,Catamarca,NOA,11.16,10.17
1998,Catamarca,NOA,10.24,10.17
1999,Catamarca,NOA,9.73,10.17
2000,Catamarca,NOA,9.68,10.17
2001,Catamarca,NOA,10.24,10.17
2002,Catamarca,NOA,10.3,10.17
2003,Catamarca,NOA,10.91,10.17
2004,Catamarca,NOA,10.63,10.17
2005,Catamarca,NOA,10.31,10.17
2006,Catamarca,NOA,11.2,10.17
2007,Catamarca,NOA,9.88,10.17
2008,Catamarca,NOA,10.51,10.17
2009,Catamarca,NOA,10.98,10.17
2010,Catamarca,NOA,10.24,10.17
2011,Catamarca,NOA,10.36,10.17
2012,Catamarca,NOA,11.15,10.17
2013,Catamarca,NOA,10.87,10.17
2014,Catamarca,NOA,10.71,10.17
2015,Catamarca,NOA,10.8,10.17
2016,Catamarca,NOA,10.04,10.17
2017,Catamarca,NOA,10.84,10.17
2018,Catamarca,NOA,10.39,10.17
2019,Catamarca,NOA,10.25,10.17
2020,Catamarca,NOA,10.85,10.17
1901,San Juan,Cuyo,10.84,10.31
1902,San Juan,Cuyo,10.43,10.31
1903,San Juan,Cuyo,9.93,10.31
1904,San Juan,Cuyo,10.16,10.31
1905,San Juan,Cuyo,9.83,10.31
1906,San Juan,Cuyo,10.24,10.31
1907,San Juan,Cuyo,9.47,10.31
1908,San Juan,Cuyo,9.9,10.31
1909,San Juan,Cuyo,9.76,10.31
1910,San Juan,Cuyo,9.69,10.31
1911,San Juan,Cuyo,9.53,10.31
1912,San Juan,Cuyo,10.4,10.31
1913,San Juan,Cuyo,11.09,10.31
1914,San Juan,Cuyo,10.19,10.31
1915,San Juan,Cuyo,10.32,10.31
1916,San Juan,Cuyo,10.15,10.31
1917,San Juan,Cuyo,10.03,10.31
1918,San Juan,Cuyo,9.81,10.31
1919,San Juan,Cuyo,10.33,10.31
1920,San Juan,Cuyo,10.41,10.31
1921,San Juan,Cuyo,9.48,10.31
1922,San Juan,Cuyo,9.38,10.31
1923,San Juan,Cuyo,9.64,10.31
1924,San Juan,Cuyo,9.67,10.31
1925,San Juan,Cuyo,10.42,10.31
1926,San Juan,Cuyo,10.6,10.31
1927,San Juan,Cuyo,10.21,10.31
1928,San Juan,Cuyo,9.31,10.31
1929,San Juan,Cuyo,10.46,10.31
1930,San Juan,Cuyo,10.33,10.31
1931,San Juan,Cuyo,9.28,10.31
1932,San Juan,Cuyo,10.31,10.31
1933,San Juan,Cuyo,10.22,10.31
1934,San Juan,Cuyo,9.68,10.31
1935,San Juan,Cuyo,10.08,10.31
1936,San Juan,Cuyo,9.68,10.31
1937,San Juan,Cuyo,9.89,10.31
1938,San Juan,Cuyo,9.65,10.31
1939,San Juan,Cuyo,10.14,10.31
1940,San Juan,Cuyo,9.57,10.31
1941,San Juan,Cuyo,9.82,10.31
1942,San Juan,Cuyo,9.45,10.31
1943,San Juan,Cuyo,9.87,10.31
1944,San Juan,Cuyo,10.75,10.31
1945,San Juan,Cuyo,10.89,10.31
1946,San Juan,Cuyo,10.25,10.31
1947,San Juan,Cuyo,10.32,10.31
1948,San Juan,Cuyo,10.28,10.31
1949,San Juan,Cuyo,10.2,10.31
1950,San Juan,Cuyo,10.4,10.31
1951,San Juan,Cuyo,10.39,10.31
1952,San Juan,Cuyo,10.29,10.31
1953,San Juan,Cuyo,10.44,10.31
1954,San Juan,Cuyo,9.96,10.31
1955,San Juan,Cuyo,9.58,10.31
1956,San Juan,Cuyo,9.29,10.31
1957,San Juan,Cuyo,10.23,10.31
1958,San Juan,Cuyo,10.25,10.31
1959,San Juan,Cuyo,9.75,10.31
1960,San Juan,Cuyo,10.36,10.31
1961,San Juan,Cuyo,10.65,10.31
1962,San Juan,Cuyo,10.27,10.31
1963,San Juan,Cuyo,9.99,10.31
1964,San Juan,Cuyo,9.87,10.31
1965,San Juan,Cuyo,10.42,10.31
1966,San Juan,Cuyo,10.03,10.31
1967,San Juan,Cuyo,10.33,10.31
1968,San Juan,Cuyo,10.45,10.31
1969,San Juan,Cuyo,11,10.31
1970,San Juan,Cuyo,10.66,10.31
1971,San Juan,Cuyo,10.33,10.31
1972,San Juan,Cuyo,10.32,10.31
1973,San Juan,Cuyo,10.08,10.31
1974,San Juan,Cuyo,9.87,10.31
1975,San Juan,Cuyo,10.08,10.31
1976,San Juan,Cuyo,9.72,10.31
1977,San Juan,Cuyo,10.76,10.31
1978,San Juan,Cuyo,10.5,10.31
1979,San Juan,Cuyo,9.99,10.31
1980,San Juan,Cuyo,10.55,10.31
1981,San Juan,Cuyo,10.45,10.31
1982,San Juan,Cuyo,10.68,10.31
1983,San Juan,Cuyo,10.17,10.31
1984,San Juan,Cuyo,9.71,10.31
1985,San Juan,Cuyo,10.57,10.31
1986,San Juan,Cuyo,10.99,10.31
1987,San Juan,Cuyo,10.67,10.31
1988,San Juan,Cuyo,10.31,10.31
1989,San Juan,Cuyo,11.09,10.31
1990,San Juan,Cuyo,10.54,10.31
1991,San Juan,Cuyo,10.88,10.31
1992,San Juan,Cuyo,10.22,10.31
1993,San Juan,Cuyo,10.5,10.31
1994,San Juan,Cuyo,11.42,10.31
1995,San Juan,Cuyo,10.92,10.31
1996,San Juan,Cuyo,10.61,10.31
1997,San Juan,Cuyo,11.17,10.31
1998,San Juan,Cuyo,10.56,10.31
1999,San Juan,Cuyo,10.08,10.31
2000,San Juan,Cuyo,9.91,10.31
2001,San Juan,Cuyo,10.49,10.31
2002,San Juan,Cuyo,10.4,10.31
2003,San Juan,Cuyo,11.07,10.31
2004,San Juan,Cuyo,10.71,10.31
2005,San Juan,Cuyo,10.55,10.31
2006,San Juan,Cuyo,11.34,10.31
2007,San Juan,Cuyo,9.98,10.31
2008,San Juan,Cuyo,10.74,10.31
2009,San Juan,Cuyo,11.22,10.31
2010,San Juan,Cuyo,10.49,10.31
2011,San Juan,Cuyo,10.64,10.31
2012,San Juan,Cuyo,11.31,10.31
2013,San Juan,Cuyo,11.09,10.31
2014,San Juan,Cuyo,10.86,10.31
2015,San Juan,Cuyo,11,10.31
2016,San Juan,Cuyo,10.65,10.31
2017,San Juan,Cuyo,11.08,10.31
2018,San Juan,Cuyo,10.76,10.31
2019,San Juan,Cuyo,10.76,10.31
2020,San Juan,Cuyo,11.23,10.31
1901,Neuquen,Patagonia,10.87,10.59
1902,Neuquen,Patagonia,10.34,10.59
1903,Neuquen,Patagonia,10.26,10.59
1904,Neuquen,Patagonia,10.64,10.59
1905,Neuquen,Patagonia,10.3,10.59
1906,Neuquen,Patagonia,10.5,10.59
1907,Neuquen,Patagonia,9.93,10.59
1908,Neuquen,Patagonia,10.38,10.59
1909,Neuquen,Patagonia,10.27,10.59
1910,Neuquen,Patagonia,10.3,10.59
1911,Neuquen,Patagonia,10.05,10.59
1912,Neuquen,Patagonia,10.75,10.59
1913,Neuquen,Patagonia,11.25,10.59
1914,Neuquen,Patagonia,10.23,10.59
1915,Neuquen,Patagonia,10.38,10.59
1916,Neuquen,Patagonia,10.45,10.59
1917,Neuquen,Patagonia,11.02,10.59
1918,Neuquen,Patagonia,10.48,10.59
1919,Neuquen,Patagonia,10.71,10.59
1920,Neuquen,Patagonia,10.63,10.59
1921,Neuquen,Patagonia,10.16,10.59
1922,Neuquen,Patagonia,10.39,10.59
1923,Neuquen,Patagonia,10.03,10.59
1924,Neuquen,Patagonia,10.29,10.59
1925,Neuquen,Patagonia,10.26,10.59
1926,Neuquen,Patagonia,10.49,10.59
1927,Neuquen,Patagonia,10.59,10.59
1928,Neuquen,Patagonia,10.05,10.59
1929,Neuquen,Patagonia,10.53,10.59
1930,Neuquen,Patagonia,10.59,10.59
1931,Neuquen,Patagonia,10.09,10.59
1932,Neuquen,Patagonia,10.65,10.59
1933,Neuquen,Patagonia,10.12,10.59
1934,Neuquen,Patagonia,10,10.59
1935,Neuquen,Patagonia,10.47,10.59
1936,Neuquen,Patagonia,10.23,10.59
1937,Neuquen,Patagonia,10.27,10.59
1938,Neuquen,Patagonia,9.92,10.59
1939,Neuquen,Patagonia,10.33,10.59
1940,Neuquen,Patagonia,10.32,10.59
1941,Neuquen,Patagonia,10.28,10.59
1942,Neuquen,Patagonia,10.55,10.59
1943,Neuquen,Patagonia,11.03,10.59
1944,Neuquen,Patagonia,11.17,10.59
1945,Neuquen,Patagonia,11.21,10.59
1946,Neuquen,Patagonia,10.44,10.59
1947,Neuquen,Patagonia,10.81,10.59
1948,Neuquen,Patagonia,10.41,10.59
1949,Neuquen,Patagonia,10.76,10.59
1950,Neuquen,Patagonia,10.45,10.59
1951,Neuquen,Patagonia,11.01,10.59
1952,Neuquen,Patagonia,11.34,10.59
1953,Neuquen,Patagonia,11.11,10.59
1954,Neuquen,Patagonia,10.82,10.59
1955,Neuquen,Patagonia,10.66,10.59
1956,Neuquen,Patagonia,10.56,10.59
1957,Neuquen,Patagonia,10.72,10.59
1958,Neuquen,Patagonia,10.65,10.59
1959,Neuquen,Patagonia,10.27,10.59
1960,Neuquen,Patagonia,10.76,10.59
1961,Neuquen,Patagonia,10.48,10.59
1962,Neuquen,Patagonia,10.9,10.59
1963,Neuquen,Patagonia,10.21,10.59
1964,Neuquen,Patagonia,10.18,10.59
1965,Neuquen,Patagonia,10.33,10.59
1966,Neuquen,Patagonia,10.18,10.59
1967,Neuquen,Patagonia,10.32,10.59
1968,Neuquen,Patagonia,10.74,10.59
1969,Neuquen,Patagonia,10.4,10.59
1970,Neuquen,Patagonia,10.46,10.59
1971,Neuquen,Patagonia,10.01,10.59
1972,Neuquen,Patagonia,10.15,10.59
1973,Neuquen,Patagonia,10.14,10.59
1974,Neuquen,Patagonia,10.13,10.59
1975,Neuquen,Patagonia,10.31,10.59
1976,Neuquen,Patagonia,10.04,10.59
1977,Neuquen,Patagonia,11.04,10.59
1978,Neuquen,Patagonia,10.83,10.59
1979,Neuquen,Patagonia,10.75,10.59
1980,Neuquen,Patagonia,10.76,10.59
1981,Neuquen,Patagonia,10.81,10.59
1982,Neuquen,Patagonia,10.74,10.59
1983,Neuquen,Patagonia,10.49,10.59
1984,Neuquen,Patagonia,9.69,10.59
1985,Neuquen,Patagonia,10.9,10.59
1986,Neuquen,Patagonia,10.53,10.59
1987,Neuquen,Patagonia,11.1,10.59
1988,Neuquen,Patagonia,10.26,10.59
1989,Neuquen,Patagonia,11.02,10.59
1990,Neuquen,Patagonia,10.81,10.59
1991,Neuquen,Patagonia,10.55,10.59
1992,Neuquen,Patagonia,10.32,10.59
1993,Neuquen,Patagonia,10.72,10.59
1994,Neuquen,Patagonia,11.09,10.59
1995,Neuquen,Patagonia,10.73,10.59
1996,Neuquen,Patagonia,10.7,10.59
1997,Neuquen,Patagonia,11.12,10.59
1998,Neuquen,Patagonia,11.08,10.59
1999,Neuquen,Patagonia,10.95,10.59
2000,Neuquen,Patagonia,10.27,10.59
2001,Neuquen,Patagonia,10.89,10.59
2002,Neuquen,Patagonia,10.53,10.59
2003,Neuquen,Patagonia,10.92,10.59
2004,Neuquen,Patagonia,11.06,10.59
2005,Neuquen,Patagonia,10.52,10.59
2006,Neuquen,Patagonia,10.82,10.59
2007,Neuquen,Patagonia,9.94,10.59
2008,Neuquen,Patagonia,11.32,10.59
2009,Neuquen,Patagonia,10.72,10.59
2010,Neuquen,Patagonia,10.29,10.59
2011,Neuquen,Patagonia,10.75,10.59
2012,Neuquen,Patagonia,10.93,10.59
2013,Neuquen,Patagonia,11.11,10.59
2014,Neuquen,Patagonia,10.88,10.59
2015,Neuquen,Patagonia,11.21,10.59
2016,Neuquen,Patagonia,11.17,10.59
2017,Neuquen,Patagonia,11.18,10.59
2018,Neuquen,Patagonia,10.9,10.59
2019,Neuquen,Patagonia,11.12,10.59
2020,Neuquen,Patagonia,11.3,10.59
1901,Rio Negro,Patagonia,12.7,12.36
1902,Rio Negro,Patagonia,12.17,12.36
1903,Rio Negro,Patagonia,12.14,12.36
1904,Rio Negro,Patagonia,12.51,12.36
1905,Rio Negro,Patagonia,12.12,12.36
1906,Rio Negro,Patagonia,12.48,12.36
1907,Rio Negro,Patagonia,11.85,12.36
1908,Rio Negro,Patagonia,12.36,12.36
1909,Rio Negro,Patagonia,12.32,12.36
1910,Rio Negro,Patagonia,12.23,12.36
1911,Rio Negro,Patagonia,11.85,12.36
1912,Rio Negro,Patagonia,12.6,12.36
1913,Rio Negro,Patagonia,13.11,12.36
1914,Rio Negro,Patagonia,12.13,12.36
1915,Rio Negro,Patagonia,12.18,12.36
1916,Rio Negro,Patagonia,12.43,12.36
1917,Rio Negro,Patagonia,13.02,12.36
1918,Rio Negro,Patagonia,12.41,12.36
1919,Rio Negro,Patagonia,12.57,12.36
1920,Rio Negro,Patagonia,12.57,12.36
1921,Rio Negro,Patagonia,12.11,12.36
1922,Rio Negro,Patagonia,12.41,12.36
1923,Rio Negro,Patagonia,11.89,12.36
1924,Rio Negro,Patagonia,12.07,12.36
1925,Rio Negro,Patagonia,12.01,12.36
1926,Rio Negro,Patagonia,12.27,12.36
1927,Rio Negro,Patagonia,12.46,12.36
1928,Rio Negro,Patagonia,11.99,12.36
1929,Rio Negro,Patagonia,12.49,12.36
1930,Rio Negro,Patagonia,12.46,12.36
1931,Rio Negro,Patagonia,11.96,12.36
1932,Rio Negro,Patagonia,12.57,12.36
1933,Rio Negro,Patagonia,11.96,12.36
1934,Rio Negro,Patagonia,11.86,12.36
1935,Rio Negro,Patagonia,12.36,12.36
1936,Rio Negro,Patagonia,12.08,12.36
1937,Rio Negro,Patagonia,12.04,12.36
1938,Rio Negro,Patagonia,11.86,12.36
1939,Rio Negro,Patagonia,11.98,12.36
1940,Rio Negro,Patagonia,12.15,12.36
1941,Rio Negro,Patagonia,12,12.36
1942,Rio Negro,Patagonia,12.3,12.36
1943,Rio Negro,Patagonia,12.84,12.36
1944,Rio Negro,Patagonia,12.88,12.36
1945,Rio Negro,Patagonia,12.9,12.36
1946,Rio Negro,Patagonia,12.03,12.36
1947,Rio Negro,Patagonia,12.51,12.36
1948,Rio Negro,Patagonia,12.11,12.36
1949,Rio Negro,Patagonia,12.54,12.36
1950,Rio Negro,Patagonia,12.14,12.36
1951,Rio Negro,Patagonia,12.36,12.36
1952,Rio Negro,Patagonia,12.82,12.36
1953,Rio Negro,Patagonia,12.61,12.36
1954,Rio Negro,Patagonia,12.22,12.36
1955,Rio Negro,Patagonia,11.95,12.36
1956,Rio Negro,Patagonia,11.92,12.36
1957,Rio Negro,Patagonia,12.11,12.36
1958,Rio Negro,Patagonia,12.34,12.36
1959,Rio Negro,Patagonia,11.79,12.36
1960,Rio Negro,Patagonia,12.35,12.36
1961,Rio Negro,Patagonia,12.14,12.36
1962,Rio Negro,Patagonia,12.74,12.36
1963,Rio Negro,Patagonia,11.91,12.36
1964,Rio Negro,Patagonia,11.72,12.36
1965,Rio Negro,Patagonia,12.1,12.36
1966,Rio Negro,Patagonia,12.02,12.36
1967,Rio Negro,Patagonia,12.32,12.36
1968,Rio Negro,Patagonia,12.68,12.36
1969,Rio Negro,Patagonia,12.36,12.36
1970,Rio Negro,Patagonia,12.32,12.36
1971,Rio Negro,Patagonia,11.84,12.36
1972,Rio Negro,Patagonia,11.9,12.36
1973,Rio Negro,Patagonia,11.95,12.36
1974,Rio Negro,Patagonia,11.89,12.36
1975,Rio Negro,Patagonia,12.3,12.36
1976,Rio Negro,Patagonia,11.69,12.36
1977,Rio Negro,Patagonia,12.72,12.36
1978,Rio Negro,Patagonia,12.64,12.36
1979,Rio Negro,Patagonia,12.78,12.36
1980,Rio Negro,Patagonia,12.64,12.36
1981,Rio Negro,Patagonia,12.56,12.36
1982,Rio Negro,Patagonia,12.57,12.36
1983,Rio Negro,Patagonia,12.37,12.36
1984,Rio Negro,Patagonia,11.33,12.36
1985,Rio Negro,Patagonia,12.68,12.36
1986,Rio Negro,Patagonia,12.27,12.36
1987,Rio Negro,Patagonia,12.88,12.36
1988,Rio Negro,Patagonia,12.05,12.36
1989,Rio Negro,Patagonia,13.04,12.36
1990,Rio Negro,Patagonia,12.66,12.36
1991,Rio Negro,Patagonia,12.24,12.36
1992,Rio Negro,Patagonia,11.87,12.36
1993,Rio Negro,Patagonia,12.32,12.36
1994,Rio Negro,Patagonia,12.84,12.36
1995,Rio Negro,Patagonia,12.42,12.36
1996,Rio Negro,Patagonia,12.51,12.36
1997,Rio Negro,Patagonia,12.68,12.36
1998,Rio Negro,Patagonia,12.92,12.36
1999,Rio Negro,Patagonia,12.71,12.36
2000,Rio Negro,Patagonia,11.84,12.36
2001,Rio Negro,Patagonia,12.54,12.36
2002,Rio Negro,Patagonia,12.26,12.36
2003,Rio Negro,Patagonia,12.71,12.36
2004,Rio Negro,Patagonia,12.78,12.36
2005,Rio Negro,Patagonia,12.28,12.36
2006,Rio Negro,Patagonia,12.58,12.36
2007,Rio Negro,Patagonia,11.82,12.36
2008,Rio Negro,Patagonia,13.04,12.36
2009,Rio Negro,Patagonia,12.67,12.36
2010,Rio Negro,Patagonia,12.23,12.36
2011,Rio Negro,Patagonia,12.78,12.36
2012,Rio Negro,Patagonia,12.71,12.36
2013,Rio Negro,Patagonia,12.95,12.36
2014,Rio Negro,Patagonia,12.58,12.36
2015,Rio Negro,Patagonia,12.91,12.36
2016,Rio Negro,Patagonia,12.67,12.36
2017,Rio Negro,Patagonia,12.92,12.36
2018,Rio Negro,Patagonia,12.7,12.36
2019,Rio Negro,Patagonia,12.72,12.36
2020,Rio Negro,Patagonia,12.95,12.36
1901,Mendoza,Cuyo,12.73,12.41
1902,Mendoza,Cuyo,12.31,12.41
1903,Mendoza,Cuyo,11.95,12.41
1904,Mendoza,Cuyo,12.18,12.41
1905,Mendoza,Cuyo,11.87,12.41
1906,Mendoza,Cuyo,12.29,12.41
1907,Mendoza,Cuyo,11.59,12.41
1908,Mendoza,Cuyo,12.05,12.41
1909,Mendoza,Cuyo,11.84,12.41
1910,Mendoza,Cuyo,11.93,12.41
1911,Mendoza,Cuyo,11.59,12.41
1912,Mendoza,Cuyo,12.46,12.41
1913,Mendoza,Cuyo,13.2,12.41
1914,Mendoza,Cuyo,12.1,12.41
1915,Mendoza,Cuyo,12.34,12.41
1916,Mendoza,Cuyo,12.24,12.41
1917,Mendoza,Cuyo,12.37,12.41
1918,Mendoza,Cuyo,12.12,12.41
1919,Mendoza,Cuyo,12.45,12.41
1920,Mendoza,Cuyo,12.5,12.41
1921,Mendoza,Cuyo,11.76,12.41
1922,Mendoza,Cuyo,11.77,12.41
1923,Mendoza,Cuyo,11.76,12.41
1924,Mendoza,Cuyo,11.82,12.41
1925,Mendoza,Cuyo,12.37,12.41
1926,Mendoza,Cuyo,12.62,12.41
1927,Mendoza,Cuyo,12.46,12.41
1928,Mendoza,Cuyo,11.64,12.41
1929,Mendoza,Cuyo,12.5,12.41
1930,Mendoza,Cuyo,12.37,12.41
1931,Mendoza,Cuyo,11.54,12.41
1932,Mendoza,Cuyo,12.46,12.41
1933,Mendoza,Cuyo,12.16,12.41
1934,Mendoza,Cuyo,11.56,12.41
1935,Mendoza,Cuyo,12.05,12.41
1936,Mendoza,Cuyo,11.8,12.41
1937,Mendoza,Cuyo,12.13,12.41
1938,Mendoza,Cuyo,11.79,12.41
1939,Mendoza,Cuyo,12.25,12.41
1940,Mendoza,Cuyo,11.85,12.41
1941,Mendoza,Cuyo,11.91,12.41
1942,Mendoza,Cuyo,11.78,12.41
1943,Mendoza,Cuyo,12.14,12.41
1944,Mendoza,Cuyo,12.93,12.41
1945,Mendoza,Cuyo,13.1,12.41
1946,Mendoza,Cuyo,12.45,12.41
1947,Mendoza,Cuyo,12.67,12.41
1948,Mendoza,Cuyo,12.44,12.41
1949,Mendoza,Cuyo,12.4,12.41
1950,Mendoza,Cuyo,12.61,12.41
1951,Mendoza,Cuyo,12.64,12.41
1952,Mendoza,Cuyo,12.5,12.41
1953,Mendoza,Cuyo,12.57,12.41
1954,Mendoza,Cuyo,12.14,12.41
1955,Mendoza,Cuyo,11.95,12.41
1956,Mendoza,Cuyo,11.58,12.41
1957,Mendoza,Cuyo,12.48,12.41
1958,Mendoza,Cuyo,12.45,12.41
1959,Mendoza,Cuyo,11.93,12.41
1960,Mendoza,Cuyo,12.58,12.41
1961,Mendoza,Cuyo,12.66,12.41
1962,Mendoza,Cuyo,12.37,12.41
1963,Mendoza,Cuyo,11.83,12.41
1964,Mendoza,Cuyo,11.93,12.41
1965,Mendoza,Cuyo,12.34,12.41
1966,Mendoza,Cuyo,12.02,12.41
1967,Mendoza,Cuyo,12.39,12.41
1968,Mendoza,Cuyo,12.57,12.41
1969,Mendoza,Cuyo,12.95,12.41
1970,Mendoza,Cuyo,12.65,12.41
1971,Mendoza,Cuyo,12.46,12.41
1972,Mendoza,Cuyo,12.18,12.41
1973,Mendoza,Cuyo,12.01,12.41
1974,Mendoza,Cuyo,12.04,12.41
1975,Mendoza,Cuyo,12.17,12.41
1976,Mendoza,Cuyo,11.86,12.41
1977,Mendoza,Cuyo,12.99,12.41
1978,Mendoza,Cuyo,12.65,12.41
1979,Mendoza,Cuyo,12.25,12.41
1980,Mendoza,Cuyo,12.85,12.41
1981,Mendoza,Cuyo,12.72,12.41
1982,Mendoza,Cuyo,12.73,12.41
1983,Mendoza,Cuyo,12.16,12.41
1984,Mendoza,Cuyo,11.53,12.41
1985,Mendoza,Cuyo,12.6,12.41
1986,Mendoza,Cuyo,12.82,12.41
1987,Mendoza,Cuyo,12.64,12.41
1988,Mendoza,Cuyo,12.31,12.41
1989,Mendoza,Cuyo,13.2,12.41
1990,Mendoza,Cuyo,12.73,12.41
1991,Mendoza,Cuyo,12.8,12.41
1992,Mendoza,Cuyo,12.46,12.41
1993,Mendoza,Cuyo,12.77,12.41
1994,Mendoza,Cuyo,13.46,12.41
1995,Mendoza,Cuyo,12.73,12.41
1996,Mendoza,Cuyo,12.64,12.41
1997,Mendoza,Cuyo,13.01,12.41
1998,Mendoza,Cuyo,12.6,12.41
1999,Mendoza,Cuyo,12.31,12.41
2000,Mendoza,Cuyo,12.04,12.41
2001,Mendoza,Cuyo,12.7,12.41
2002,Mendoza,Cuyo,12.39,12.41
2003,Mendoza,Cuyo,13.28,12.41
2004,Mendoza,Cuyo,12.71,12.41
2005,Mendoza,Cuyo,12.46,12.41
2006,Mendoza,Cuyo,13.26,12.41
2007,Mendoza,Cuyo,11.85,12.41
2008,Mendoza,Cuyo,12.95,12.41
2009,Mendoza,Cuyo,13.23,12.41
2010,Mendoza,Cuyo,12.54,12.41
2011,Mendoza,Cuyo,12.69,12.41
2012,Mendoza,Cuyo,13.16,12.41
2013,Mendoza,Cuyo,13.08,12.41
2014,Mendoza,Cuyo,13.05,12.41
2015,Mendoza,Cuyo,13.06,12.41
2016,Mendoza,Cuyo,12.83,12.41
2017,Mendoza,Cuyo,13.19,12.41
2018,Mendoza,Cuyo,13,12.41
2019,Mendoza,Cuyo,13.19,12.41
2020,Mendoza,Cuyo,13.5,12.41
1901,Buenos Aires,Pampeana,15.18,15.09
1902,Buenos Aires,Pampeana,14.97,15.09
1903,Buenos Aires,Pampeana,14.71,15.09
1904,Buenos Aires,Pampeana,14.67,15.09
1905,Buenos Aires,Pampeana,14.4,15.09
1906,Buenos Aires,Pampeana,15.05,15.09
1907,Buenos Aires,Pampeana,14.35,15.09
1908,Buenos Aires,Pampeana,14.86,15.09
1909,Buenos Aires,Pampeana,14.68,15.09
1910,Buenos Aires,Pampeana,14.74,15.09
1911,Buenos Aires,Pampeana,14.13,15.09
1912,Buenos Aires,Pampeana,14.9,15.09
1913,Buenos Aires,Pampeana,15.87,15.09
1914,Buenos Aires,Pampeana,14.9,15.09
1915,Buenos Aires,Pampeana,14.86,15.09
1916,Buenos Aires,Pampeana,14.99,15.09
1917,Buenos Aires,Pampeana,15.04,15.09
1918,Buenos Aires,Pampeana,14.83,15.09
1919,Buenos Aires,Pampeana,15.02,15.09
1920,Buenos Aires,Pampeana,15.13,15.09
1921,Buenos Aires,Pampeana,14.57,15.09
1922,Buenos Aires,Pampeana,14.69,15.09
1923,Buenos Aires,Pampeana,14.35,15.09
1924,Buenos Aires,Pampeana,14.16,15.09
1925,Buenos Aires,Pampeana,14.9,15.09
1926,Buenos Aires,Pampeana,15.29,15.09
1927,Buenos Aires,Pampeana,15.26,15.09
1928,Buenos Aires,Pampeana,14.57,15.09
1929,Buenos Aires,Pampeana,15.41,15.09
1930,Buenos Aires,Pampeana,15.14,15.09
1931,Buenos Aires,Pampeana,14.47,15.09
1932,Buenos Aires,Pampeana,15.6,15.09
1933,Buenos Aires,Pampeana,14.94,15.09
1934,Buenos Aires,Pampeana,14.59,15.09
1935,Buenos Aires,Pampeana,14.96,15.09
1936,Buenos Aires,Pampeana,14.85,15.09
1937,Buenos Aires,Pampeana,14.68,15.09
1938,Buenos Aires,Pampeana,14.83,15.09
1939,Buenos Aires,Pampeana,14.8,15.09
1940,Buenos Aires,Pampeana,14.87,15.09
1941,Buenos Aires,Pampeana,14.42,15.09
1942,Buenos Aires,Pampeana,14.63,15.09
1943,Buenos Aires,Pampeana,15.41,15.09
1944,Buenos Aires,Pampeana,15.3,15.09
1945,Buenos Aires,Pampeana,15.41,15.09
1946,Buenos Aires,Pampeana,14.74,15.09
1947,Buenos Aires,Pampeana,15.02,15.09
1948,Buenos Aires,Pampeana,14.82,15.09
1949,Buenos Aires,Pampeana,14.95,15.09
1950,Buenos Aires,Pampeana,14.93,15.09
1951,Buenos Aires,Pampeana,15.15,15.09
1952,Buenos Aires,Pampeana,15.18,15.09
1953,Buenos Aires,Pampeana,14.87,15.09
1954,Buenos Aires,Pampeana,14.77,15.09
1955,Buenos Aires,Pampeana,14.3,15.09
1956,Buenos Aires,Pampeana,14.14,15.09
1957,Buenos Aires,Pampeana,14.85,15.09
1958,Buenos Aires,Pampeana,15.21,15.09
1959,Buenos Aires,Pampeana,14.48,15.09
1960,Buenos Aires,Pampeana,15.29,15.09
1961,Buenos Aires,Pampeana,15.13,15.09
1962,Buenos Aires,Pampeana,14.95,15.09
1963,Buenos Aires,Pampeana,14.8,15.09
1964,Buenos Aires,Pampeana,14.24,15.09
1965,Buenos Aires,Pampeana,15.13,15.09
1966,Buenos Aires,Pampeana,14.78,15.09
1967,Buenos Aires,Pampeana,15.22,15.09
1968,Buenos Aires,Pampeana,15.35,15.09
1969,Buenos Aires,Pampeana,15.44,15.09
1970,Buenos Aires,Pampeana,15.36,15.09
1971,Buenos Aires,Pampeana,15.06,15.09
1972,Buenos Aires,Pampeana,15.21,15.09
1973,Buenos Aires,Pampeana,14.82,15.09
1974,Buenos Aires,Pampeana,15,15.09
1975,Buenos Aires,Pampeana,15.36,15.09
1976,Buenos Aires,Pampeana,14.51,15.09
1977,Buenos Aires,Pampeana,15.52,15.09
1978,Buenos Aires,Pampeana,15.18,15.09
1979,Buenos Aires,Pampeana,15.34,15.09
1980,Buenos Aires,Pampeana,15.83,15.09
1981,Buenos Aires,Pampeana,15.53,15.09
1982,Buenos Aires,Pampeana,15.61,15.09
1983,Buenos Aires,Pampeana,15.07,15.09
1984,Buenos Aires,Pampeana,14.62,15.09
1985,Buenos Aires,Pampeana,15.44,15.09
1986,Buenos Aires,Pampeana,15.36,15.09
1987,Buenos Aires,Pampeana,15.31,15.09
1988,Buenos Aires,Pampeana,14.83,15.09
1989,Buenos Aires,Pampeana,15.8,15.09
1990,Buenos Aires,Pampeana,15.2,15.09
1991,Buenos Aires,Pampeana,15.3,15.09
1992,Buenos Aires,Pampeana,15.06,15.09
1993,Buenos Aires,Pampeana,15.31,15.09
1994,Buenos Aires,Pampeana,15.78,15.09
1995,Buenos Aires,Pampeana,15.06,15.09
1996,Buenos Aires,Pampeana,15.43,15.09
1997,Buenos Aires,Pampeana,15.64,15.09
1998,Buenos Aires,Pampeana,15.15,15.09
1999,Buenos Aires,Pampeana,15.05,15.09
2000,Buenos Aires,Pampeana,15.05,15.09
2001,Buenos Aires,Pampeana,15.72,15.09
2002,Buenos Aires,Pampeana,15.31,15.09
2003,Buenos Aires,Pampeana,15.4,15.09
2004,Buenos Aires,Pampeana,15.46,15.09
2005,Buenos Aires,Pampeana,15.17,15.09
2006,Buenos Aires,Pampeana,15.54,15.09
2007,Buenos Aires,Pampeana,14.61,15.09
2008,Buenos Aires,Pampeana,15.74,15.09
2009,Buenos Aires,Pampeana,15.76,15.09
2010,Buenos Aires,Pampeana,15.4,15.09
2011,Buenos Aires,Pampeana,15.46,15.09
2012,Buenos Aires,Pampeana,15.74,15.09
2013,Buenos Aires,Pampeana,15.55,15.09
2014,Buenos Aires,Pampeana,15.8,15.09
2015,Buenos Aires,Pampeana,15.86,15.09
2016,Buenos Aires,Pampeana,15.22,15.09
2017,Buenos Aires,Pampeana,16.09,15.09
2018,Buenos Aires,Pampeana,15.78,15.09
2019,Buenos Aires,Pampeana,15.54,15.09
2020,Buenos Aires,Pampeana,15.63,15.09
1901,La Pampa,Pampeana,15.61,15.34
1902,La Pampa,Pampeana,15.23,15.34
1903,La Pampa,Pampeana,14.99,15.34
1904,La Pampa,Pampeana,15.19,15.34
1905,La Pampa,Pampeana,14.87,15.34
1906,La Pampa,Pampeana,15.33,15.34
1907,La Pampa,Pampeana,14.71,15.34
1908,La Pampa,Pampeana,15.21,15.34
1909,La Pampa,Pampeana,15.05,15.34
1910,La Pampa,Pampeana,15.11,15.34
1911,La Pampa,Pampeana,14.6,15.34
1912,La Pampa,Pampeana,15.44,15.34
1913,La Pampa,Pampeana,16.25,15.34
1914,La Pampa,Pampeana,15.14,15.34
1915,La Pampa,Pampeana,15.26,15.34
1916,La Pampa,Pampeana,15.33,15.34
1917,La Pampa,Pampeana,15.57,15.34
1918,La Pampa,Pampeana,15.27,15.34
1919,La Pampa,Pampeana,15.44,15.34
1920,La Pampa,Pampeana,15.5,15.34
1921,La Pampa,Pampeana,14.94,15.34
1922,La Pampa,Pampeana,15.06,15.34
1923,La Pampa,Pampeana,14.77,15.34
1924,La Pampa,Pampeana,14.71,15.34
1925,La Pampa,Pampeana,15.23,15.34
1926,La Pampa,Pampeana,15.58,15.34
1927,La Pampa,Pampeana,15.57,15.34
1928,La Pampa,Pampeana,14.86,15.34
1929,La Pampa,Pampeana,15.63,15.34
1930,La Pampa,Pampeana,15.43,15.34
1931,La Pampa,Pampeana,14.62,15.34
1932,La Pampa,Pampeana,15.58,15.34
1933,La Pampa,Pampeana,15.02,15.34
1934,La Pampa,Pampeana,14.62,15.34
1935,La Pampa,Pampeana,15.23,15.34
1936,La Pampa,Pampeana,14.87,15.34
1937,La Pampa,Pampeana,15.02,15.34
1938,La Pampa,Pampeana,14.98,15.34
1939,La Pampa,Pampeana,15.02,15.34
1940,La Pampa,Pampeana,14.98,15.34
1941,La Pampa,Pampeana,14.82,15.34
1942,La Pampa,Pampeana,15,15.34
1943,La Pampa,Pampeana,15.55,15.34
1944,La Pampa,Pampeana,15.75,15.34
1945,La Pampa,Pampeana,15.83,15.34
1946,La Pampa,Pampeana,15.03,15.34
1947,La Pampa,Pampeana,15.51,15.34
1948,La Pampa,Pampeana,15.17,15.34
1949,La Pampa,Pampeana,15.42,15.34
1950,La Pampa,Pampeana,15.44,15.34
1951,La Pampa,Pampeana,15.45,15.34
1952,La Pampa,Pampeana,15.55,15.34
1953,La Pampa,Pampeana,15.28,15.34
1954,La Pampa,Pampeana,15.03,15.34
1955,La Pampa,Pampeana,14.57,15.34
1956,La Pampa,Pampeana,14.46,15.34
1957,La Pampa,Pampeana,14.99,15.34
1958,La Pampa,Pampeana,15.37,15.34
1959,La Pampa,Pampeana,14.66,15.34
1960,La Pampa,Pampeana,15.43,15.34
1961,La Pampa,Pampeana,15.53,15.34
1962,La Pampa,Pampeana,15.64,15.34
1963,La Pampa,Pampeana,14.76,15.34
1964,La Pampa,Pampeana,14.6,15.34
1965,La Pampa,Pampeana,15.33,15.34
1966,La Pampa,Pampeana,15.02,15.34
1967,La Pampa,Pampeana,15.49,15.34
1968,La Pampa,Pampeana,15.61,15.34
1969,La Pampa,Pampeana,15.58,15.34
1970,La Pampa,Pampeana,15.59,15.34
1971,La Pampa,Pampeana,15.4,15.34
1972,La Pampa,Pampeana,15.2,15.34
1973,La Pampa,Pampeana,14.94,15.34
1974,La Pampa,Pampeana,15.05,15.34
1975,La Pampa,Pampeana,15.47,15.34
1976,La Pampa,Pampeana,14.73,15.34
1977,La Pampa,Pampeana,15.84,15.34
1978,La Pampa,Pampeana,15.54,15.34
1979,La Pampa,Pampeana,15.48,15.34
1980,La Pampa,Pampeana,15.96,15.34
1981,La Pampa,Pampeana,15.77,15.34
1982,La Pampa,Pampeana,15.77,15.34
1983,La Pampa,Pampeana,15.24,15.34
1984,La Pampa,Pampeana,14.5,15.34
1985,La Pampa,Pampeana,15.5,15.34
1986,La Pampa,Pampeana,15.37,15.34
1987,La Pampa,Pampeana,15.49,15.34
1988,La Pampa,Pampeana,15.04,15.34
1989,La Pampa,Pampeana,16.1,15.34
1990,La Pampa,Pampeana,15.6,15.34
1991,La Pampa,Pampeana,15.47,15.34
1992,La Pampa,Pampeana,15.18,15.34
1993,La Pampa,Pampeana,15.49,15.34
1994,La Pampa,Pampeana,16.17,15.34
1995,La Pampa,Pampeana,15.51,15.34
1996,La Pampa,Pampeana,15.52,15.34
1997,La Pampa,Pampeana,15.76,15.34
1998,La Pampa,Pampeana,15.46,15.34
1999,La Pampa,Pampeana,15.31,15.34
2000,La Pampa,Pampeana,14.89,15.34
2001,La Pampa,Pampeana,15.55,15.34
2002,La Pampa,Pampeana,15.1,15.34
2003,La Pampa,Pampeana,15.87,15.34
2004,La Pampa,Pampeana,15.59,15.34
2005,La Pampa,Pampeana,15.29,15.34
2006,La Pampa,Pampeana,15.86,15.34
2007,La Pampa,Pampeana,14.76,15.34
2008,La Pampa,Pampeana,15.95,15.34
2009,La Pampa,Pampeana,16.1,15.34
2010,La Pampa,Pampeana,15.49,15.34
2011,La Pampa,Pampeana,15.73,15.34
2012,La Pampa,Pampeana,15.88,15.34
2013,La Pampa,Pampeana,15.96,15.34
2014,La Pampa,Pampeana,15.85,15.34
2015,La Pampa,Pampeana,15.92,15.34
2016,La Pampa,Pampeana,15.44,15.34
2017,La Pampa,Pampeana,16.02,15.34
2018,La Pampa,Pampeana,15.9,15.34
2019,La Pampa,Pampeana,15.85,15.34
2020,La Pampa,Pampeana,16.05,15.34
1901,La Rioja,Cuyo,16.2,15.53
1902,La Rioja,Cuyo,15.78,15.53
1903,La Rioja,Cuyo,15.27,15.53
1904,La Rioja,Cuyo,15.42,15.53
1905,La Rioja,Cuyo,15.09,15.53
1906,La Rioja,Cuyo,15.54,15.53
1907,La Rioja,Cuyo,14.73,15.53
1908,La Rioja,Cuyo,15.14,15.53
1909,La Rioja,Cuyo,15.01,15.53
1910,La Rioja,Cuyo,14.97,15.53
1911,La Rioja,Cuyo,14.81,15.53
1912,La Rioja,Cuyo,15.73,15.53
1913,La Rioja,Cuyo,16.43,15.53
1914,La Rioja,Cuyo,15.47,15.53
1915,La Rioja,Cuyo,15.56,15.53
1916,La Rioja,Cuyo,15.51,15.53
1917,La Rioja,Cuyo,15.35,15.53
1918,La Rioja,Cuyo,15.13,15.53
1919,La Rioja,Cuyo,15.67,15.53
1920,La Rioja,Cuyo,15.74,15.53
1921,La Rioja,Cuyo,14.77,15.53
1922,La Rioja,Cuyo,14.71,15.53
1923,La Rioja,Cuyo,15.01,15.53
1924,La Rioja,Cuyo,14.95,15.53
1925,La Rioja,Cuyo,15.75,15.53
1926,La Rioja,Cuyo,15.93,15.53
1927,La Rioja,Cuyo,15.52,15.53
1928,La Rioja,Cuyo,14.52,15.53
1929,La Rioja,Cuyo,15.79,15.53
1930,La Rioja,Cuyo,15.59,15.53
1931,La Rioja,Cuyo,14.38,15.53
1932,La Rioja,Cuyo,15.61,15.53
1933,La Rioja,Cuyo,15.53,15.53
1934,La Rioja,Cuyo,14.89,15.53
1935,La Rioja,Cuyo,15.47,15.53
1936,La Rioja,Cuyo,15.15,15.53
1937,La Rioja,Cuyo,15.42,15.53
1938,La Rioja,Cuyo,15.07,15.53
1939,La Rioja,Cuyo,15.31,15.53
1940,La Rioja,Cuyo,14.73,15.53
1941,La Rioja,Cuyo,14.9,15.53
1942,La Rioja,Cuyo,14.54,15.53
1943,La Rioja,Cuyo,14.94,15.53
1944,La Rioja,Cuyo,15.84,15.53
1945,La Rioja,Cuyo,16,15.53
1946,La Rioja,Cuyo,15.31,15.53
1947,La Rioja,Cuyo,15.24,15.53
1948,La Rioja,Cuyo,15.39,15.53
1949,La Rioja,Cuyo,15.24,15.53
1950,La Rioja,Cuyo,15.53,15.53
1951,La Rioja,Cuyo,15.61,15.53
1952,La Rioja,Cuyo,15.39,15.53
1953,La Rioja,Cuyo,15.63,15.53
1954,La Rioja,Cuyo,15.15,15.53
1955,La Rioja,Cuyo,14.74,15.53
1956,La Rioja,Cuyo,14.43,15.53
1957,La Rioja,Cuyo,15.31,15.53
1958,La Rioja,Cuyo,15.42,15.53
1959,La Rioja,Cuyo,14.82,15.53
1960,La Rioja,Cuyo,15.58,15.53
1961,La Rioja,Cuyo,15.81,15.53
1962,La Rioja,Cuyo,15.52,15.53
1963,La Rioja,Cuyo,15.34,15.53
1964,La Rioja,Cuyo,15.04,15.53
1965,La Rioja,Cuyo,15.72,15.53
1966,La Rioja,Cuyo,15.36,15.53
1967,La Rioja,Cuyo,15.86,15.53
1968,La Rioja,Cuyo,15.73,15.53
1969,La Rioja,Cuyo,16.38,15.53
1970,La Rioja,Cuyo,16.05,15.53
1971,La Rioja,Cuyo,15.48,15.53
1972,La Rioja,Cuyo,15.66,15.53
1973,La Rioja,Cuyo,15.4,15.53
1974,La Rioja,Cuyo,15.21,15.53
1975,La Rioja,Cuyo,15.45,15.53
1976,La Rioja,Cuyo,15.03,15.53
1977,La Rioja,Cuyo,15.94,15.53
1978,La Rioja,Cuyo,15.74,15.53
1979,La Rioja,Cuyo,15.05,15.53
1980,La Rioja,Cuyo,15.7,15.53
1981,La Rioja,Cuyo,15.67,15.53
1982,La Rioja,Cuyo,15.87,15.53
1983,La Rioja,Cuyo,15.39,15.53
1984,La Rioja,Cuyo,14.89,15.53
1985,La Rioja,Cuyo,15.63,15.53
1986,La Rioja,Cuyo,16.21,15.53
1987,La Rioja,Cuyo,15.73,15.53
1988,La Rioja,Cuyo,15.42,15.53
1989,La Rioja,Cuyo,16.27,15.53
1990,La Rioja,Cuyo,15.69,15.53
1991,La Rioja,Cuyo,15.99,15.53
1992,La Rioja,Cuyo,15.24,15.53
1993,La Rioja,Cuyo,15.63,15.53
1994,La Rioja,Cuyo,16.7,15.53
1995,La Rioja,Cuyo,16.39,15.53
1996,La Rioja,Cuyo,15.83,15.53
1997,La Rioja,Cuyo,16.48,15.53
1998,La Rioja,Cuyo,15.65,15.53
1999,La Rioja,Cuyo,15.18,15.53
2000,La Rioja,Cuyo,15.03,15.53
2001,La Rioja,Cuyo,15.66,15.53
2002,La Rioja,Cuyo,15.59,15.53
2003,La Rioja,Cuyo,16.28,15.53
2004,La Rioja,Cuyo,16.01,15.53
2005,La Rioja,Cuyo,15.77,15.53
2006,La Rioja,Cuyo,16.65,15.53
2007,La Rioja,Cuyo,15.27,15.53
2008,La Rioja,Cuyo,15.95,15.53
2009,La Rioja,Cuyo,16.49,15.53
2010,La Rioja,Cuyo,15.68,15.53
2011,La Rioja,Cuyo,15.9,15.53
2012,La Rioja,Cuyo,16.61,15.53
2013,La Rioja,Cuyo,16.27,15.53
2014,La Rioja,Cuyo,16.01,15.53
2015,La Rioja,Cuyo,16.12,15.53
2016,La Rioja,Cuyo,15.44,15.53
2017,La Rioja,Cuyo,16.18,15.53
2018,La Rioja,Cuyo,15.8,15.53
2019,La Rioja,Cuyo,15.65,15.53
2020,La Rioja,Cuyo,16.18,15.53
1901,Salta,NOA,17.09,16.25
1902,Salta,NOA,16.83,16.25
1903,Salta,NOA,16.19,16.25
1904,Salta,NOA,16.21,16.25
1905,Salta,NOA,15.96,16.25
1906,Salta,NOA,16.76,16.25
1907,Salta,NOA,15.89,16.25
1908,Salta,NOA,16.2,16.25
1909,Salta,NOA,16.13,16.25
1910,Salta,NOA,15.97,16.25
1911,Salta,NOA,15.68,16.25
1912,Salta,NOA,16.49,16.25
1913,Salta,NOA,16.65,16.25
1914,Salta,NOA,16.34,16.25
1915,Salta,NOA,16.4,16.25
1916,Salta,NOA,16.08,16.25
1917,Salta,NOA,15.52,16.25
1918,Salta,NOA,15.63,16.25
1919,Salta,NOA,16.53,16.25
1920,Salta,NOA,16.34,16.25
1921,Salta,NOA,15.64,16.25
1922,Salta,NOA,15.62,16.25
1923,Salta,NOA,15.94,16.25
1924,Salta,NOA,15.84,16.25
1925,Salta,NOA,16.26,16.25
1926,Salta,NOA,16.69,16.25
1927,Salta,NOA,15.87,16.25
1928,Salta,NOA,15.57,16.25
1929,Salta,NOA,16.12,16.25
1930,Salta,NOA,16.4,16.25
1931,Salta,NOA,15.58,16.25
1932,Salta,NOA,16.42,16.25
1933,Salta,NOA,16.04,16.25
1934,Salta,NOA,15.99,16.25
1935,Salta,NOA,16.5,16.25
1936,Salta,NOA,16.56,16.25
1937,Salta,NOA,16.53,16.25
1938,Salta,NOA,16.09,16.25
1939,Salta,NOA,16.26,16.25
1940,Salta,NOA,16.26,16.25
1941,Salta,NOA,16.07,16.25
1942,Salta,NOA,15.6,16.25
1943,Salta,NOA,15.7,16.25
1944,Salta,NOA,16.5,16.25
1945,Salta,NOA,16.57,16.25
1946,Salta,NOA,16.34,16.25
1947,Salta,NOA,15.94,16.25
1948,Salta,NOA,16.59,16.25
1949,Salta,NOA,15.95,16.25
1950,Salta,NOA,16.15,16.25
1951,Salta,NOA,16.23,16.25
1952,Salta,NOA,15.85,16.25
1953,Salta,NOA,16.46,16.25
1954,Salta,NOA,15.78,16.25
1955,Salta,NOA,15.59,16.25
1956,Salta,NOA,14.71,16.25
1957,Salta,NOA,15.52,16.25
1958,Salta,NOA,15.99,16.25
1959,Salta,NOA,15.56,16.25
1960,Salta,NOA,15.78,16.25
1961,Salta,NOA,16.88,16.25
1962,Salta,NOA,15.79,16.25
1963,Salta,NOA,16.48,16.25
1964,Salta,NOA,15.89,16.25
1965,Salta,NOA,16.36,16.25
1966,Salta,NOA,16.08,16.25
1967,Salta,NOA,16.58,16.25
1968,Salta,NOA,16.24,16.25
1969,Salta,NOA,16.83,16.25
1970,Salta,NOA,16.67,16.25
1971,Salta,NOA,15.88,16.25
1972,Salta,NOA,16.37,16.25
1973,Salta,NOA,16.02,16.25
1974,Salta,NOA,15.82,16.25
1975,Salta,NOA,16.18,16.25
1976,Salta,NOA,15.69,16.25
1977,Salta,NOA,16.34,16.25
1978,Salta,NOA,16.51,16.25
1979,Salta,NOA,16.05,16.25
1980,Salta,NOA,16.32,16.25
1981,Salta,NOA,16.13,16.25
1982,Salta,NOA,16.2,16.25
1983,Salta,NOA,15.91,16.25
1984,Salta,NOA,15.66,16.25
1985,Salta,NOA,16.25,16.25
1986,Salta,NOA,16.69,16.25
1987,Salta,NOA,16.3,16.25
1988,Salta,NOA,16.07,16.25
1989,Salta,NOA,16.54,16.25
1990,Salta,NOA,16.25,16.25
1991,Salta,NOA,16.55,16.25
1992,Salta,NOA,16.14,16.25
1993,Salta,NOA,16.5,16.25
1994,Salta,NOA,17.21,16.25
1995,Salta,NOA,16.58,16.25
1996,Salta,NOA,16.25,16.25
1997,Salta,NOA,17.06,16.25
1998,Salta,NOA,16.29,16.25
1999,Salta,NOA,15.84,16.25
2000,Salta,NOA,15.98,16.25
2001,Salta,NOA,16.4,16.25
2002,Salta,NOA,16.52,16.25
2003,Salta,NOA,16.75,16.25
2004,Salta,NOA,16.45,16.25
2005,Salta,NOA,16.37,16.25
2006,Salta,NOA,16.9,16.25
2007,Salta,NOA,15.99,16.25
2008,Salta,NOA,16.25,16.25
2009,Salta,NOA,16.7,16.25
2010,Salta,NOA,16.27,16.25
2011,Salta,NOA,16.3,16.25
2012,Salta,NOA,17.01,16.25
2013,Salta,NOA,16.77,16.25
2014,Salta,NOA,16.98,16.25
2015,Salta,NOA,17.01,16.25
2016,Salta,NOA,16.31,16.25
2017,Salta,NOA,16.98,16.25
2018,Salta,NOA,16.43,16.25
2019,Salta,NOA,16.52,16.25
2020,Salta,NOA,17.26,16.25
1901,CABA,Metropolitana,16.85,16.76
1902,CABA,Metropolitana,16.68,16.76
1903,CABA,Metropolitana,16.37,16.76
1904,CABA,Metropolitana,16.17,16.76
1905,CABA,Metropolitana,15.98,16.76
1906,CABA,Metropolitana,16.81,16.76
1907,CABA,Metropolitana,15.98,16.76
1908,CABA,Metropolitana,16.52,16.76
1909,CABA,Metropolitana,16.32,16.76
1910,CABA,Metropolitana,16.37,16.76
1911,CABA,Metropolitana,15.76,16.76
1912,CABA,Metropolitana,16.45,16.76
1913,CABA,Metropolitana,17.58,16.76
1914,CABA,Metropolitana,16.61,16.76
1915,CABA,Metropolitana,16.5,16.76
1916,CABA,Metropolitana,16.69,16.76
1917,CABA,Metropolitana,16.57,16.76
1918,CABA,Metropolitana,16.4,16.76
1919,CABA,Metropolitana,16.68,16.76
1920,CABA,Metropolitana,16.73,16.76
1921,CABA,Metropolitana,16.11,16.76
1922,CABA,Metropolitana,16.21,16.76
1923,CABA,Metropolitana,16,16.76
1924,CABA,Metropolitana,15.7,16.76
1925,CABA,Metropolitana,16.52,16.76
1926,CABA,Metropolitana,17.01,16.76
1927,CABA,Metropolitana,16.85,16.76
1928,CABA,Metropolitana,16.13,16.76
1929,CABA,Metropolitana,17.03,16.76
1930,CABA,Metropolitana,16.82,16.76
1931,CABA,Metropolitana,16.14,16.76
1932,CABA,Metropolitana,17.35,16.76
1933,CABA,Metropolitana,16.67,16.76
1934,CABA,Metropolitana,16.19,16.76
1935,CABA,Metropolitana,16.5,16.76
1936,CABA,Metropolitana,16.58,16.76
1937,CABA,Metropolitana,16.33,16.76
1938,CABA,Metropolitana,16.5,16.76
1939,CABA,Metropolitana,16.55,16.76
1940,CABA,Metropolitana,16.59,16.76
1941,CABA,Metropolitana,15.97,16.76
1942,CABA,Metropolitana,16.17,16.76
1943,CABA,Metropolitana,17.04,16.76
1944,CABA,Metropolitana,16.82,16.76
1945,CABA,Metropolitana,17.01,16.76
1946,CABA,Metropolitana,16.38,16.76
1947,CABA,Metropolitana,16.48,16.76
1948,CABA,Metropolitana,16.38,16.76
1949,CABA,Metropolitana,16.48,16.76
1950,CABA,Metropolitana,16.45,16.76
1951,CABA,Metropolitana,16.85,16.76
1952,CABA,Metropolitana,16.97,16.76
1953,CABA,Metropolitana,16.73,16.76
1954,CABA,Metropolitana,16.58,16.76
1955,CABA,Metropolitana,16.16,16.76
1956,CABA,Metropolitana,15.98,16.76
1957,CABA,Metropolitana,16.69,16.76
1958,CABA,Metropolitana,16.92,16.76
1959,CABA,Metropolitana,16.3,16.76
1960,CABA,Metropolitana,17.06,16.76
1961,CABA,Metropolitana,16.84,16.76
1962,CABA,Metropolitana,16.23,16.76
1963,CABA,Metropolitana,16.61,16.76
1964,CABA,Metropolitana,15.97,16.76
1965,CABA,Metropolitana,16.82,16.76
1966,CABA,Metropolitana,16.39,16.76
1967,CABA,Metropolitana,16.86,16.76
1968,CABA,Metropolitana,16.84,16.76
1969,CABA,Metropolitana,17.09,16.76
1970,CABA,Metropolitana,16.94,16.76
1971,CABA,Metropolitana,16.58,16.76
1972,CABA,Metropolitana,16.89,16.76
1973,CABA,Metropolitana,16.54,16.76
1974,CABA,Metropolitana,16.75,16.76
1975,CABA,Metropolitana,17.04,16.76
1976,CABA,Metropolitana,16.29,16.76
1977,CABA,Metropolitana,17.12,16.76
1978,CABA,Metropolitana,16.69,16.76
1979,CABA,Metropolitana,17.01,16.76
1980,CABA,Metropolitana,17.51,16.76
1981,CABA,Metropolitana,16.98,16.76
1982,CABA,Metropolitana,17.2,16.76
1983,CABA,Metropolitana,16.59,16.76
1984,CABA,Metropolitana,16.42,16.76
1985,CABA,Metropolitana,17.21,16.76
1986,CABA,Metropolitana,17.22,16.76
1987,CABA,Metropolitana,17.1,16.76
1988,CABA,Metropolitana,16.35,16.76
1989,CABA,Metropolitana,17.4,16.76
1990,CABA,Metropolitana,16.87,16.76
1991,CABA,Metropolitana,17.14,16.76
1992,CABA,Metropolitana,16.87,16.76
1993,CABA,Metropolitana,16.98,16.76
1994,CABA,Metropolitana,17.36,16.76
1995,CABA,Metropolitana,16.62,16.76
1996,CABA,Metropolitana,17.15,16.76
1997,CABA,Metropolitana,17.5,16.76
1998,CABA,Metropolitana,16.82,16.76
1999,CABA,Metropolitana,16.7,16.76
2000,CABA,Metropolitana,16.9,16.76
2001,CABA,Metropolitana,17.63,16.76
2002,CABA,Metropolitana,17.27,16.76
2003,CABA,Metropolitana,16.85,16.76
2004,CABA,Metropolitana,17.23,16.76
2005,CABA,Metropolitana,17.04,16.76
2006,CABA,Metropolitana,17.3,16.76
2007,CABA,Metropolitana,16.39,16.76
2008,CABA,Metropolitana,17.51,16.76
2009,CABA,Metropolitana,17.25,16.76
2010,CABA,Metropolitana,17.19,16.76
2011,CABA,Metropolitana,17.05,16.76
2012,CABA,Metropolitana,17.54,16.76
2013,CABA,Metropolitana,17.08,16.76
2014,CABA,Metropolitana,17.51,16.76
2015,CABA,Metropolitana,17.55,16.76
2016,CABA,Metropolitana,16.84,16.76
2017,CABA,Metropolitana,17.96,16.76
2018,CABA,Metropolitana,17.49,16.76
2019,CABA,Metropolitana,17.23,16.76
2020,CABA,Metropolitana,17.29,16.76
1901,San Luis,Cuyo,17.11,16.77
1902,San Luis,Cuyo,16.74,16.77
1903,San Luis,Cuyo,16.36,16.77
1904,San Luis,Cuyo,16.47,16.77
1905,San Luis,Cuyo,16.16,16.77
1906,San Luis,Cuyo,16.7,16.77
1907,San Luis,Cuyo,15.98,16.77
1908,San Luis,Cuyo,16.46,16.77
1909,San Luis,Cuyo,16.23,16.77
1910,San Luis,Cuyo,16.35,16.77
1911,San Luis,Cuyo,15.96,16.77
1912,San Luis,Cuyo,16.72,16.77
1913,San Luis,Cuyo,17.56,16.77
1914,San Luis,Cuyo,16.55,16.77
1915,San Luis,Cuyo,16.76,16.77
1916,San Luis,Cuyo,16.69,16.77
1917,San Luis,Cuyo,16.63,16.77
1918,San Luis,Cuyo,16.43,16.77
1919,San Luis,Cuyo,16.77,16.77
1920,San Luis,Cuyo,16.88,16.77
1921,San Luis,Cuyo,16.13,16.77
1922,San Luis,Cuyo,16.09,16.77
1923,San Luis,Cuyo,16.09,16.77
1924,San Luis,Cuyo,16.09,16.77
1925,San Luis,Cuyo,16.88,16.77
1926,San Luis,Cuyo,17.11,16.77
1927,San Luis,Cuyo,16.92,16.77
1928,San Luis,Cuyo,16.02,16.77
1929,San Luis,Cuyo,17.02,16.77
1930,San Luis,Cuyo,16.79,16.77
1931,San Luis,Cuyo,15.67,16.77
1932,San Luis,Cuyo,16.86,16.77
1933,San Luis,Cuyo,16.53,16.77
1934,San Luis,Cuyo,15.86,16.77
1935,San Luis,Cuyo,16.55,16.77
1936,San Luis,Cuyo,16.17,16.77
1937,San Luis,Cuyo,16.65,16.77
1938,San Luis,Cuyo,16.39,16.77
1939,San Luis,Cuyo,16.6,16.77
1940,San Luis,Cuyo,16.18,16.77
1941,San Luis,Cuyo,16.21,16.77
1942,San Luis,Cuyo,16.02,16.77
1943,San Luis,Cuyo,16.39,16.77
1944,San Luis,Cuyo,17.3,16.77
1945,San Luis,Cuyo,17.54,16.77
1946,San Luis,Cuyo,16.73,16.77
1947,San Luis,Cuyo,16.86,16.77
1948,San Luis,Cuyo,16.82,16.77
1949,San Luis,Cuyo,16.68,16.77
1950,San Luis,Cuyo,17.06,16.77
1951,San Luis,Cuyo,16.96,16.77
1952,San Luis,Cuyo,16.54,16.77
1953,San Luis,Cuyo,16.75,16.77
1954,San Luis,Cuyo,16.44,16.77
1955,San Luis,Cuyo,15.97,16.77
1956,San Luis,Cuyo,15.58,16.77
1957,San Luis,Cuyo,16.52,16.77
1958,San Luis,Cuyo,16.82,16.77
1959,San Luis,Cuyo,15.96,16.77
1960,San Luis,Cuyo,16.91,16.77
1961,San Luis,Cuyo,17.06,16.77
1962,San Luis,Cuyo,16.74,16.77
1963,San Luis,Cuyo,16.43,16.77
1964,San Luis,Cuyo,16.36,16.77
1965,San Luis,Cuyo,16.91,16.77
1966,San Luis,Cuyo,16.58,16.77
1967,San Luis,Cuyo,16.99,16.77
1968,San Luis,Cuyo,17.18,16.77
1969,San Luis,Cuyo,17.56,16.77
1970,San Luis,Cuyo,17.38,16.77
1971,San Luis,Cuyo,17.12,16.77
1972,San Luis,Cuyo,16.77,16.77
1973,San Luis,Cuyo,16.37,16.77
1974,San Luis,Cuyo,16.51,16.77
1975,San Luis,Cuyo,16.8,16.77
1976,San Luis,Cuyo,16.24,16.77
1977,San Luis,Cuyo,17.44,16.77
1978,San Luis,Cuyo,16.92,16.77
1979,San Luis,Cuyo,16.5,16.77
1980,San Luis,Cuyo,17.32,16.77
1981,San Luis,Cuyo,17.03,16.77
1982,San Luis,Cuyo,17.26,16.77
1983,San Luis,Cuyo,16.57,16.77
1984,San Luis,Cuyo,15.94,16.77
1985,San Luis,Cuyo,16.86,16.77
1986,San Luis,Cuyo,17.27,16.77
1987,San Luis,Cuyo,16.85,16.77
1988,San Luis,Cuyo,16.72,16.77
1989,San Luis,Cuyo,17.65,16.77
1990,San Luis,Cuyo,17.07,16.77
1991,San Luis,Cuyo,17.1,16.77
1992,San Luis,Cuyo,16.86,16.77
1993,San Luis,Cuyo,17.08,16.77
1994,San Luis,Cuyo,17.91,16.77
1995,San Luis,Cuyo,17.06,16.77
1996,San Luis,Cuyo,17.02,16.77
1997,San Luis,Cuyo,17.38,16.77
1998,San Luis,Cuyo,16.68,16.77
1999,San Luis,Cuyo,16.45,16.77
2000,San Luis,Cuyo,16.31,16.77
2001,San Luis,Cuyo,17,16.77
2002,San Luis,Cuyo,16.62,16.77
2003,San Luis,Cuyo,17.49,16.77
2004,San Luis,Cuyo,16.91,16.77
2005,San Luis,Cuyo,16.83,16.77
2006,San Luis,Cuyo,17.61,16.77
2007,San Luis,Cuyo,16.13,16.77
2008,San Luis,Cuyo,17.19,16.77
2009,San Luis,Cuyo,17.69,16.77
2010,San Luis,Cuyo,16.97,16.77
2011,San Luis,Cuyo,17.24,16.77
2012,San Luis,Cuyo,17.63,16.77
2013,San Luis,Cuyo,17.43,16.77
2014,San Luis,Cuyo,17.41,16.77
2015,San Luis,Cuyo,17.37,16.77
2016,San Luis,Cuyo,16.76,16.77
2017,San Luis,Cuyo,17.43,16.77
2018,San Luis,Cuyo,17.29,16.77
2019,San Luis,Cuyo,17.25,16.77
2020,San Luis,Cuyo,17.56,16.77
1901,Tucuman,NOA,17.87,17.12
1902,Tucuman,NOA,17.49,17.12
1903,Tucuman,NOA,16.87,17.12
1904,Tucuman,NOA,17.12,17.12
1905,Tucuman,NOA,16.83,17.12
1906,Tucuman,NOA,17.61,17.12
1907,Tucuman,NOA,16.73,17.12
1908,Tucuman,NOA,17.04,17.12
1909,Tucuman,NOA,16.95,17.12
1910,Tucuman,NOA,16.87,17.12
1911,Tucuman,NOA,16.62,17.12
1912,Tucuman,NOA,17.49,17.12
1913,Tucuman,NOA,17.96,17.12
1914,Tucuman,NOA,17.37,17.12
1915,Tucuman,NOA,17.41,17.12
1916,Tucuman,NOA,17.2,17.12
1917,Tucuman,NOA,16.65,17.12
1918,Tucuman,NOA,16.68,17.12
1919,Tucuman,NOA,17.46,17.12
1920,Tucuman,NOA,17.37,17.12
1921,Tucuman,NOA,16.5,17.12
1922,Tucuman,NOA,16.48,17.12
1923,Tucuman,NOA,16.82,17.12
1924,Tucuman,NOA,16.74,17.12
1925,Tucuman,NOA,17.27,17.12
1926,Tucuman,NOA,17.71,17.12
1927,Tucuman,NOA,17,17.12
1928,Tucuman,NOA,16.39,17.12
1929,Tucuman,NOA,17.33,17.12
1930,Tucuman,NOA,17.34,17.12
1931,Tucuman,NOA,16.08,17.12
1932,Tucuman,NOA,17.2,17.12
1933,Tucuman,NOA,16.88,17.12
1934,Tucuman,NOA,16.66,17.12
1935,Tucuman,NOA,17.2,17.12
1936,Tucuman,NOA,17.17,17.12
1937,Tucuman,NOA,17.35,17.12
1938,Tucuman,NOA,16.74,17.12
1939,Tucuman,NOA,17.06,17.12
1940,Tucuman,NOA,16.64,17.12
1941,Tucuman,NOA,16.67,17.12
1942,Tucuman,NOA,16.31,17.12
1943,Tucuman,NOA,16.52,17.12
1944,Tucuman,NOA,17.52,17.12
1945,Tucuman,NOA,17.62,17.12
1946,Tucuman,NOA,16.93,17.12
1947,Tucuman,NOA,16.75,17.12
1948,Tucuman,NOA,17.22,17.12
1949,Tucuman,NOA,16.67,17.12
1950,Tucuman,NOA,17.03,17.12
1951,Tucuman,NOA,16.96,17.12
1952,Tucuman,NOA,16.69,17.12
1953,Tucuman,NOA,17.14,17.12
1954,Tucuman,NOA,16.55,17.12
1955,Tucuman,NOA,16.32,17.12
1956,Tucuman,NOA,15.73,17.12
1957,Tucuman,NOA,16.53,17.12
1958,Tucuman,NOA,16.84,17.12
1959,Tucuman,NOA,16.32,17.12
1960,Tucuman,NOA,17.01,17.12
1961,Tucuman,NOA,17.67,17.12
1962,Tucuman,NOA,17,17.12
1963,Tucuman,NOA,17.1,17.12
1964,Tucuman,NOA,16.73,17.12
1965,Tucuman,NOA,17.22,17.12
1966,Tucuman,NOA,16.87,17.12
1967,Tucuman,NOA,17.48,17.12
1968,Tucuman,NOA,17.23,17.12
1969,Tucuman,NOA,17.77,17.12
1970,Tucuman,NOA,17.58,17.12
1971,Tucuman,NOA,16.88,17.12
1972,Tucuman,NOA,17.28,17.12
1973,Tucuman,NOA,16.87,17.12
1974,Tucuman,NOA,16.7,17.12
1975,Tucuman,NOA,17.05,17.12
1976,Tucuman,NOA,16.53,17.12
1977,Tucuman,NOA,17.19,17.12
1978,Tucuman,NOA,17.27,17.12
1979,Tucuman,NOA,16.7,17.12
1980,Tucuman,NOA,17.18,17.12
1981,Tucuman,NOA,17.24,17.12
1982,Tucuman,NOA,17.31,17.12
1983,Tucuman,NOA,16.75,17.12
1984,Tucuman,NOA,16.41,17.12
1985,Tucuman,NOA,17.07,17.12
1986,Tucuman,NOA,17.69,17.12
1987,Tucuman,NOA,17.14,17.12
1988,Tucuman,NOA,16.8,17.12
1989,Tucuman,NOA,17.68,17.12
1990,Tucuman,NOA,17.08,17.12
1991,Tucuman,NOA,17.35,17.12
1992,Tucuman,NOA,16.83,17.12
1993,Tucuman,NOA,17.28,17.12
1994,Tucuman,NOA,18.27,17.12
1995,Tucuman,NOA,17.83,17.12
1996,Tucuman,NOA,17.28,17.12
1997,Tucuman,NOA,18.12,17.12
1998,Tucuman,NOA,17.24,17.12
1999,Tucuman,NOA,16.64,17.12
2000,Tucuman,NOA,16.67,17.12
2001,Tucuman,NOA,17.19,17.12
2002,Tucuman,NOA,17.31,17.12
2003,Tucuman,NOA,17.86,17.12
2004,Tucuman,NOA,17.59,17.12
2005,Tucuman,NOA,17.29,17.12
2006,Tucuman,NOA,18.12,17.12
2007,Tucuman,NOA,16.84,17.12
2008,Tucuman,NOA,17.41,17.12
2009,Tucuman,NOA,17.86,17.12
2010,Tucuman,NOA,17.16,17.12
2011,Tucuman,NOA,17.24,17.12
2012,Tucuman,NOA,18.07,17.12
2013,Tucuman,NOA,17.87,17.12
2014,Tucuman,NOA,17.7,17.12
2015,Tucuman,NOA,17.69,17.12
2016,Tucuman,NOA,16.87,17.12
2017,Tucuman,NOA,17.8,17.12
2018,Tucuman,NOA,17.27,17.12
2019,Tucuman,NOA,17.15,17.12
2020,Tucuman,NOA,17.81,17.12
1901,Cordoba,Pampeana,17.71,17.34
1902,Cordoba,Pampeana,17.38,17.34
1903,Cordoba,Pampeana,16.94,17.34
1904,Cordoba,Pampeana,17,17.34
1905,Cordoba,Pampeana,16.67,17.34
1906,Cordoba,Pampeana,17.33,17.34
1907,Cordoba,Pampeana,16.53,17.34
1908,Cordoba,Pampeana,16.98,17.34
1909,Cordoba,Pampeana,16.8,17.34
1910,Cordoba,Pampeana,16.86,17.34
1911,Cordoba,Pampeana,16.51,17.34
1912,Cordoba,Pampeana,17.33,17.34
1913,Cordoba,Pampeana,18.23,17.34
1914,Cordoba,Pampeana,17.27,17.34
1915,Cordoba,Pampeana,17.28,17.34
1916,Cordoba,Pampeana,17.38,17.34
1917,Cordoba,Pampeana,17.18,17.34
1918,Cordoba,Pampeana,16.94,17.34
1919,Cordoba,Pampeana,17.39,17.34
1920,Cordoba,Pampeana,17.49,17.34
1921,Cordoba,Pampeana,16.59,17.34
1922,Cordoba,Pampeana,16.58,17.34
1923,Cordoba,Pampeana,16.71,17.34
1924,Cordoba,Pampeana,16.56,17.34
1925,Cordoba,Pampeana,17.38,17.34
1926,Cordoba,Pampeana,17.67,17.34
1927,Cordoba,Pampeana,17.4,17.34
1928,Cordoba,Pampeana,16.45,17.34
1929,Cordoba,Pampeana,17.59,17.34
1930,Cordoba,Pampeana,17.4,17.34
1931,Cordoba,Pampeana,16.16,17.34
1932,Cordoba,Pampeana,17.51,17.34
1933,Cordoba,Pampeana,17.22,17.34
1934,Cordoba,Pampeana,16.51,17.34
1935,Cordoba,Pampeana,17.34,17.34
1936,Cordoba,Pampeana,17.02,17.34
1937,Cordoba,Pampeana,17.47,17.34
1938,Cordoba,Pampeana,17.15,17.34
1939,Cordoba,Pampeana,17.15,17.34
1940,Cordoba,Pampeana,16.85,17.34
1941,Cordoba,Pampeana,16.75,17.34
1942,Cordoba,Pampeana,16.55,17.34
1943,Cordoba,Pampeana,17.08,17.34
1944,Cordoba,Pampeana,17.88,17.34
1945,Cordoba,Pampeana,18.12,17.34
1946,Cordoba,Pampeana,17.12,17.34
1947,Cordoba,Pampeana,17.12,17.34
1948,Cordoba,Pampeana,17.27,17.34
1949,Cordoba,Pampeana,17.13,17.34
1950,Cordoba,Pampeana,17.4,17.34
1951,Cordoba,Pampeana,17.69,17.34
1952,Cordoba,Pampeana,17.12,17.34
1953,Cordoba,Pampeana,17.38,17.34
1954,Cordoba,Pampeana,17.02,17.34
1955,Cordoba,Pampeana,16.51,17.34
1956,Cordoba,Pampeana,16.11,17.34
1957,Cordoba,Pampeana,16.97,17.34
1958,Cordoba,Pampeana,17.42,17.34
1959,Cordoba,Pampeana,16.43,17.34
1960,Cordoba,Pampeana,17.53,17.34
1961,Cordoba,Pampeana,17.47,17.34
1962,Cordoba,Pampeana,17.1,17.34
1963,Cordoba,Pampeana,17.25,17.34
1964,Cordoba,Pampeana,16.92,17.34
1965,Cordoba,Pampeana,17.71,17.34
1966,Cordoba,Pampeana,17.29,17.34
1967,Cordoba,Pampeana,17.6,17.34
1968,Cordoba,Pampeana,17.78,17.34
1969,Cordoba,Pampeana,18.2,17.34
1970,Cordoba,Pampeana,18.09,17.34
1971,Cordoba,Pampeana,17.57,17.34
1972,Cordoba,Pampeana,17.52,17.34
1973,Cordoba,Pampeana,16.94,17.34
1974,Cordoba,Pampeana,17.26,17.34
1975,Cordoba,Pampeana,17.47,17.34
1976,Cordoba,Pampeana,16.89,17.34
1977,Cordoba,Pampeana,17.89,17.34
1978,Cordoba,Pampeana,17.31,17.34
1979,Cordoba,Pampeana,17.06,17.34
1980,Cordoba,Pampeana,17.91,17.34
1981,Cordoba,Pampeana,17.52,17.34
1982,Cordoba,Pampeana,17.88,17.34
1983,Cordoba,Pampeana,17.16,17.34
1984,Cordoba,Pampeana,16.77,17.34
1985,Cordoba,Pampeana,17.59,17.34
1986,Cordoba,Pampeana,17.99,17.34
1987,Cordoba,Pampeana,17.41,17.34
1988,Cordoba,Pampeana,17.28,17.34
1989,Cordoba,Pampeana,18.11,17.34
1990,Cordoba,Pampeana,17.5,17.34
1991,Cordoba,Pampeana,17.61,17.34
1992,Cordoba,Pampeana,17.29,17.34
1993,Cordoba,Pampeana,17.46,17.34
1994,Cordoba,Pampeana,18.34,17.34
1995,Cordoba,Pampeana,17.6,17.34
1996,Cordoba,Pampeana,17.58,17.34
1997,Cordoba,Pampeana,18.16,17.34
1998,Cordoba,Pampeana,17.18,17.34
1999,Cordoba,Pampeana,17.06,17.34
2000,Cordoba,Pampeana,17,17.34
2001,Cordoba,Pampeana,17.7,17.34
2002,Cordoba,Pampeana,17.36,17.34
2003,Cordoba,Pampeana,17.81,17.34
2004,Cordoba,Pampeana,17.57,17.34
2005,Cordoba,Pampeana,17.37,17.34
2006,Cordoba,Pampeana,18.07,17.34
2007,Cordoba,Pampeana,16.69,17.34
2008,Cordoba,Pampeana,17.74,17.34
2009,Cordoba,Pampeana,18.12,17.34
2010,Cordoba,Pampeana,17.47,17.34
2011,Cordoba,Pampeana,17.86,17.34
2012,Cordoba,Pampeana,18.3,17.34
2013,Cordoba,Pampeana,17.9,17.34
2014,Cordoba,Pampeana,17.9,17.34
2015,Cordoba,Pampeana,18.01,17.34
2016,Cordoba,Pampeana,17.17,17.34
2017,Cordoba,Pampeana,17.97,17.34
2018,Cordoba,Pampeana,17.78,17.34
2019,Cordoba,Pampeana,17.58,17.34
2020,Cordoba,Pampeana,17.82,17.34
1901,Entre Rios,Pampeana,18.19,18.2
1902,Entre Rios,Pampeana,18.05,18.2
1903,Entre Rios,Pampeana,17.56,18.2
1904,Entre Rios,Pampeana,17.62,18.2
1905,Entre Rios,Pampeana,17.33,18.2
1906,Entre Rios,Pampeana,18.22,18.2
1907,Entre Rios,Pampeana,17.34,18.2
1908,Entre Rios,Pampeana,17.8,18.2
1909,Entre Rios,Pampeana,17.61,18.2
1910,Entre Rios,Pampeana,17.64,18.2
1911,Entre Rios,Pampeana,17.22,18.2
1912,Entre Rios,Pampeana,17.94,18.2
1913,Entre Rios,Pampeana,18.78,18.2
1914,Entre Rios,Pampeana,18.04,18.2
1915,Entre Rios,Pampeana,17.81,18.2
1916,Entre Rios,Pampeana,17.97,18.2
1917,Entre Rios,Pampeana,17.76,18.2
1918,Entre Rios,Pampeana,17.59,18.2
1919,Entre Rios,Pampeana,18.11,18.2
1920,Entre Rios,Pampeana,18.04,18.2
1921,Entre Rios,Pampeana,17.36,18.2
1922,Entre Rios,Pampeana,17.37,18.2
1923,Entre Rios,Pampeana,17.51,18.2
1924,Entre Rios,Pampeana,17.17,18.2
1925,Entre Rios,Pampeana,17.94,18.2
1926,Entre Rios,Pampeana,18.48,18.2
1927,Entre Rios,Pampeana,18.09,18.2
1928,Entre Rios,Pampeana,17.35,18.2
1929,Entre Rios,Pampeana,18.24,18.2
1930,Entre Rios,Pampeana,18.19,18.2
1931,Entre Rios,Pampeana,17.31,18.2
1932,Entre Rios,Pampeana,18.59,18.2
1933,Entre Rios,Pampeana,18.25,18.2
1934,Entre Rios,Pampeana,17.73,18.2
1935,Entre Rios,Pampeana,18.14,18.2
1936,Entre Rios,Pampeana,18,18.2
1937,Entre Rios,Pampeana,17.83,18.2
1938,Entre Rios,Pampeana,17.79,18.2
1939,Entre Rios,Pampeana,18.08,18.2
1940,Entre Rios,Pampeana,17.95,18.2
1941,Entre Rios,Pampeana,17.53,18.2
1942,Entre Rios,Pampeana,17.62,18.2
1943,Entre Rios,Pampeana,18.42,18.2
1944,Entre Rios,Pampeana,18.77,18.2
1945,Entre Rios,Pampeana,18.75,18.2
1946,Entre Rios,Pampeana,17.82,18.2
1947,Entre Rios,Pampeana,17.92,18.2
1948,Entre Rios,Pampeana,17.94,18.2
1949,Entre Rios,Pampeana,18.09,18.2
1950,Entre Rios,Pampeana,18.1,18.2
1951,Entre Rios,Pampeana,18.45,18.2
1952,Entre Rios,Pampeana,18.49,18.2
1953,Entre Rios,Pampeana,18.54,18.2
1954,Entre Rios,Pampeana,18.03,18.2
1955,Entre Rios,Pampeana,17.59,18.2
1956,Entre Rios,Pampeana,17.28,18.2
1957,Entre Rios,Pampeana,18.18,18.2
1958,Entre Rios,Pampeana,18.39,18.2
1959,Entre Rios,Pampeana,17.81,18.2
1960,Entre Rios,Pampeana,18.64,18.2
1961,Entre Rios,Pampeana,18.36,18.2
1962,Entre Rios,Pampeana,17.81,18.2
1963,Entre Rios,Pampeana,18.21,18.2
1964,Entre Rios,Pampeana,17.42,18.2
1965,Entre Rios,Pampeana,18.4,18.2
1966,Entre Rios,Pampeana,17.81,18.2
1967,Entre Rios,Pampeana,18.35,18.2
1968,Entre Rios,Pampeana,18.26,18.2
1969,Entre Rios,Pampeana,18.43,18.2
1970,Entre Rios,Pampeana,18.39,18.2
1971,Entre Rios,Pampeana,17.84,18.2
1972,Entre Rios,Pampeana,18.2,18.2
1973,Entre Rios,Pampeana,17.68,18.2
1974,Entre Rios,Pampeana,17.91,18.2
1975,Entre Rios,Pampeana,18.13,18.2
1976,Entre Rios,Pampeana,17.73,18.2
1977,Entre Rios,Pampeana,18.57,18.2
1978,Entre Rios,Pampeana,18.06,18.2
1979,Entre Rios,Pampeana,18.18,18.2
1980,Entre Rios,Pampeana,18.95,18.2
1981,Entre Rios,Pampeana,18.64,18.2
1982,Entre Rios,Pampeana,18.85,18.2
1983,Entre Rios,Pampeana,18.16,18.2
1984,Entre Rios,Pampeana,17.97,18.2
1985,Entre Rios,Pampeana,18.88,18.2
1986,Entre Rios,Pampeana,18.95,18.2
1987,Entre Rios,Pampeana,18.57,18.2
1988,Entre Rios,Pampeana,17.87,18.2
1989,Entre Rios,Pampeana,18.84,18.2
1990,Entre Rios,Pampeana,18.36,18.2
1991,Entre Rios,Pampeana,18.79,18.2
1992,Entre Rios,Pampeana,18.28,18.2
1993,Entre Rios,Pampeana,18.37,18.2
1994,Entre Rios,Pampeana,19.1,18.2
1995,Entre Rios,Pampeana,18.26,18.2
1996,Entre Rios,Pampeana,18.56,18.2
1997,Entre Rios,Pampeana,19.2,18.2
1998,Entre Rios,Pampeana,18.14,18.2
1999,Entre Rios,Pampeana,18.36,18.2
2000,Entre Rios,Pampeana,18.22,18.2
2001,Entre Rios,Pampeana,19.06,18.2
2002,Entre Rios,Pampeana,18.64,18.2
2003,Entre Rios,Pampeana,18.34,18.2
2004,Entre Rios,Pampeana,18.66,18.2
2005,Entre Rios,Pampeana,18.49,18.2
2006,Entre Rios,Pampeana,19.04,18.2
2007,Entre Rios,Pampeana,17.86,18.2
2008,Entre Rios,Pampeana,19.02,18.2
2009,Entre Rios,Pampeana,18.7,18.2
2010,Entre Rios,Pampeana,18.48,18.2
2011,Entre Rios,Pampeana,18.47,18.2
2012,Entre Rios,Pampeana,19.1,18.2
2013,Entre Rios,Pampeana,18.58,18.2
2014,Entre Rios,Pampeana,18.93,18.2
2015,Entre Rios,Pampeana,19.09,18.2
2016,Entre Rios,Pampeana,18.28,18.2
2017,Entre Rios,Pampeana,19.25,18.2
2018,Entre Rios,Pampeana,18.88,18.2
2019,Entre Rios,Pampeana,18.66,18.2
2020,Entre Rios,Pampeana,18.76,18.2
1901,Santa Fe,Pampeana,19.13,18.93
1902,Santa Fe,Pampeana,18.93,18.93
1903,Santa Fe,Pampeana,18.42,18.93
1904,Santa Fe,Pampeana,18.5,18.93
1905,Santa Fe,Pampeana,18.21,18.93
1906,Santa Fe,Pampeana,19.05,18.93
1907,Santa Fe,Pampeana,18.18,18.93
1908,Santa Fe,Pampeana,18.59,18.93
1909,Santa Fe,Pampeana,18.42,18.93
1910,Santa Fe,Pampeana,18.43,18.93
1911,Santa Fe,Pampeana,18.09,18.93
1912,Santa Fe,Pampeana,18.84,18.93
1913,Santa Fe,Pampeana,19.57,18.93
1914,Santa Fe,Pampeana,18.87,18.93
1915,Santa Fe,Pampeana,18.64,18.93
1916,Santa Fe,Pampeana,18.75,18.93
1917,Santa Fe,Pampeana,18.54,18.93
1918,Santa Fe,Pampeana,18.36,18.93
1919,Santa Fe,Pampeana,18.95,18.93
1920,Santa Fe,Pampeana,18.87,18.93
1921,Santa Fe,Pampeana,18.12,18.93
1922,Santa Fe,Pampeana,18.12,18.93
1923,Santa Fe,Pampeana,18.35,18.93
1924,Santa Fe,Pampeana,18.03,18.93
1925,Santa Fe,Pampeana,18.79,18.93
1926,Santa Fe,Pampeana,19.27,18.93
1927,Santa Fe,Pampeana,18.81,18.93
1928,Santa Fe,Pampeana,17.98,18.93
1929,Santa Fe,Pampeana,19.01,18.93
1930,Santa Fe,Pampeana,18.99,18.93
1931,Santa Fe,Pampeana,17.99,18.93
1932,Santa Fe,Pampeana,19.28,18.93
1933,Santa Fe,Pampeana,19.08,18.93
1934,Santa Fe,Pampeana,18.45,18.93
1935,Santa Fe,Pampeana,19.08,18.93
1936,Santa Fe,Pampeana,18.8,18.93
1937,Santa Fe,Pampeana,18.98,18.93
1938,Santa Fe,Pampeana,18.58,18.93
1939,Santa Fe,Pampeana,18.8,18.93
1940,Santa Fe,Pampeana,18.61,18.93
1941,Santa Fe,Pampeana,18.33,18.93
1942,Santa Fe,Pampeana,18.25,18.93
1943,Santa Fe,Pampeana,18.92,18.93
1944,Santa Fe,Pampeana,19.72,18.93
1945,Santa Fe,Pampeana,19.78,18.93
1946,Santa Fe,Pampeana,18.65,18.93
1947,Santa Fe,Pampeana,18.77,18.93
1948,Santa Fe,Pampeana,18.93,18.93
1949,Santa Fe,Pampeana,18.85,18.93
1950,Santa Fe,Pampeana,18.93,18.93
1951,Santa Fe,Pampeana,19.27,18.93
1952,Santa Fe,Pampeana,18.95,18.93
1953,Santa Fe,Pampeana,19.24,18.93
1954,Santa Fe,Pampeana,18.67,18.93
1955,Santa Fe,Pampeana,18.22,18.93
1956,Santa Fe,Pampeana,17.79,18.93
1957,Santa Fe,Pampeana,18.74,18.93
1958,Santa Fe,Pampeana,19.12,18.93
1959,Santa Fe,Pampeana,18.39,18.93
1960,Santa Fe,Pampeana,19.27,18.93
1961,Santa Fe,Pampeana,19.21,18.93
1962,Santa Fe,Pampeana,18.5,18.93
1963,Santa Fe,Pampeana,19.16,18.93
1964,Santa Fe,Pampeana,18.43,18.93
1965,Santa Fe,Pampeana,19.26,18.93
1966,Santa Fe,Pampeana,18.8,18.93
1967,Santa Fe,Pampeana,19.17,18.93
1968,Santa Fe,Pampeana,19.18,18.93
1969,Santa Fe,Pampeana,19.42,18.93
1970,Santa Fe,Pampeana,19.41,18.93
1971,Santa Fe,Pampeana,18.77,18.93
1972,Santa Fe,Pampeana,19.04,18.93
1973,Santa Fe,Pampeana,18.49,18.93
1974,Santa Fe,Pampeana,18.69,18.93
1975,Santa Fe,Pampeana,18.89,18.93
1976,Santa Fe,Pampeana,18.4,18.93
1977,Santa Fe,Pampeana,19.34,18.93
1978,Santa Fe,Pampeana,18.81,18.93
1979,Santa Fe,Pampeana,18.7,18.93
1980,Santa Fe,Pampeana,19.43,18.93
1981,Santa Fe,Pampeana,19.2,18.93
1982,Santa Fe,Pampeana,19.52,18.93
1983,Santa Fe,Pampeana,18.76,18.93
1984,Santa Fe,Pampeana,18.59,18.93
1985,Santa Fe,Pampeana,19.49,18.93
1986,Santa Fe,Pampeana,19.65,18.93
1987,Santa Fe,Pampeana,18.99,18.93
1988,Santa Fe,Pampeana,18.69,18.93
1989,Santa Fe,Pampeana,19.41,18.93
1990,Santa Fe,Pampeana,18.92,18.93
1991,Santa Fe,Pampeana,19.34,18.93
1992,Santa Fe,Pampeana,18.85,18.93
1993,Santa Fe,Pampeana,18.97,18.93
1994,Santa Fe,Pampeana,19.81,18.93
1995,Santa Fe,Pampeana,18.87,18.93
1996,Santa Fe,Pampeana,19.01,18.93
1997,Santa Fe,Pampeana,19.84,18.93
1998,Santa Fe,Pampeana,18.7,18.93
1999,Santa Fe,Pampeana,18.82,18.93
2000,Santa Fe,Pampeana,18.66,18.93
2001,Santa Fe,Pampeana,19.57,18.93
2002,Santa Fe,Pampeana,19.2,18.93
2003,Santa Fe,Pampeana,19.17,18.93
2004,Santa Fe,Pampeana,19.2,18.93
2005,Santa Fe,Pampeana,19.03,18.93
2006,Santa Fe,Pampeana,19.64,18.93
2007,Santa Fe,Pampeana,18.45,18.93
2008,Santa Fe,Pampeana,19.52,18.93
2009,Santa Fe,Pampeana,19.47,18.93
2010,Santa Fe,Pampeana,18.94,18.93
2011,Santa Fe,Pampeana,19.16,18.93
2012,Santa Fe,Pampeana,19.85,18.93
2013,Santa Fe,Pampeana,19.34,18.93
2014,Santa Fe,Pampeana,19.62,18.93
2015,Santa Fe,Pampeana,19.78,18.93
2016,Santa Fe,Pampeana,18.84,18.93
2017,Santa Fe,Pampeana,19.76,18.93
2018,Santa Fe,Pampeana,19.43,18.93
2019,Santa Fe,Pampeana,19.28,18.93
2020,Santa Fe,Pampeana,19.42,18.93
1901,Misiones,Litoral,20.15,20.69
1902,Misiones,Litoral,20.73,20.69
1903,Misiones,Litoral,20.05,20.69
1904,Misiones,Litoral,19.81,20.69
1905,Misiones,Litoral,19.94,20.69
1906,Misiones,Litoral,20.55,20.69
1907,Misiones,Litoral,19.84,20.69
1908,Misiones,Litoral,19.9,20.69
1909,Misiones,Litoral,19.87,20.69
1910,Misiones,Litoral,20.06,20.69
1911,Misiones,Litoral,19.69,20.69
1912,Misiones,Litoral,20.18,20.69
1913,Misiones,Litoral,20.06,20.69
1914,Misiones,Litoral,20.4,20.69
1915,Misiones,Litoral,19.99,20.69
1916,Misiones,Litoral,19.64,20.69
1917,Misiones,Litoral,19.25,20.69
1918,Misiones,Litoral,19.46,20.69
1919,Misiones,Litoral,20.44,20.69
1920,Misiones,Litoral,20.06,20.69
1921,Misiones,Litoral,19.92,20.69
1922,Misiones,Litoral,19.95,20.69
1923,Misiones,Litoral,20.13,20.69
1924,Misiones,Litoral,19.46,20.69
1925,Misiones,Litoral,20.25,20.69
1926,Misiones,Litoral,21.01,20.69
1927,Misiones,Litoral,20.37,20.69
1928,Misiones,Litoral,20.16,20.69
1929,Misiones,Litoral,20.26,20.69
1930,Misiones,Litoral,20.62,20.69
1931,Misiones,Litoral,20.2,20.69
1932,Misiones,Litoral,21.08,20.69
1933,Misiones,Litoral,20.98,20.69
1934,Misiones,Litoral,20.75,20.69
1935,Misiones,Litoral,20.87,20.69
1936,Misiones,Litoral,20.92,20.69
1937,Misiones,Litoral,20.61,20.69
1938,Misiones,Litoral,20.39,20.69
1939,Misiones,Litoral,20.75,20.69
1940,Misiones,Litoral,20.79,20.69
1941,Misiones,Litoral,20.51,20.69
1942,Misiones,Litoral,20.46,20.69
1943,Misiones,Litoral,21,20.69
1944,Misiones,Litoral,21.82,20.69
1945,Misiones,Litoral,21.58,20.69
1946,Misiones,Litoral,20.74,20.69
1947,Misiones,Litoral,20.82,20.69
1948,Misiones,Litoral,21.07,20.69
1949,Misiones,Litoral,21.13,20.69
1950,Misiones,Litoral,21.12,20.69
1951,Misiones,Litoral,21.01,20.69
1952,Misiones,Litoral,21.14,20.69
1953,Misiones,Litoral,21.51,20.69
1954,Misiones,Litoral,21.17,20.69
1955,Misiones,Litoral,20.73,20.69
1956,Misiones,Litoral,20.39,20.69
1957,Misiones,Litoral,21.06,20.69
1958,Misiones,Litoral,21.32,20.69
1959,Misiones,Litoral,21.35,20.69
1960,Misiones,Litoral,21.17,20.69
1961,Misiones,Litoral,21.67,20.69
1962,Misiones,Litoral,20.41,20.69
1963,Misiones,Litoral,21.88,20.69
1964,Misiones,Litoral,20.74,20.69
1965,Misiones,Litoral,20.96,20.69
1966,Misiones,Litoral,21.04,20.69
1967,Misiones,Litoral,21.2,20.69
1968,Misiones,Litoral,20.61,20.69
1969,Misiones,Litoral,20.75,20.69
1970,Misiones,Litoral,20.77,20.69
1971,Misiones,Litoral,20.06,20.69
1972,Misiones,Litoral,20.64,20.69
1973,Misiones,Litoral,20.31,20.69
1974,Misiones,Litoral,20.1,20.69
1975,Misiones,Litoral,20.14,20.69
1976,Misiones,Litoral,19.84,20.69
1977,Misiones,Litoral,21.52,20.69
1978,Misiones,Litoral,20.92,20.69
1979,Misiones,Litoral,20.39,20.69
1980,Misiones,Litoral,20.75,20.69
1981,Misiones,Litoral,20.8,20.69
1982,Misiones,Litoral,21,20.69
1983,Misiones,Litoral,20.22,20.69
1984,Misiones,Litoral,20.75,20.69
1985,Misiones,Litoral,21.3,20.69
1986,Misiones,Litoral,21.3,20.69
1987,Misiones,Litoral,20.27,20.69
1988,Misiones,Litoral,20.21,20.69
1989,Misiones,Litoral,20.06,20.69
1990,Misiones,Litoral,20.37,20.69
1991,Misiones,Litoral,21.03,20.69
1992,Misiones,Litoral,20.22,20.69
1993,Misiones,Litoral,20.7,20.69
1994,Misiones,Litoral,21.42,20.69
1995,Misiones,Litoral,20.92,20.69
1996,Misiones,Litoral,20.34,20.69
1997,Misiones,Litoral,21.36,20.69
1998,Misiones,Litoral,20.58,20.69
1999,Misiones,Litoral,20.83,20.69
2000,Misiones,Litoral,20.68,20.69
2001,Misiones,Litoral,21.52,20.69
2002,Misiones,Litoral,21.49,20.69
2003,Misiones,Litoral,21.09,20.69
2004,Misiones,Litoral,20.77,20.69
2005,Misiones,Litoral,20.96,20.69
2006,Misiones,Litoral,21.4,20.69
2007,Misiones,Litoral,20.75,20.69
2008,Misiones,Litoral,20.82,20.69
2009,Misiones,Litoral,20.88,20.69
2010,Misiones,Litoral,20.58,20.69
2011,Misiones,Litoral,20.91,20.69
2012,Misiones,Litoral,21.66,20.69
2013,Misiones,Litoral,20.7,20.69
2014,Misiones,Litoral,21.66,20.69
2015,Misiones,Litoral,21.62,20.69
2016,Misiones,Litoral,20.67,20.69
2017,Misiones,Litoral,21.57,20.69
2018,Misiones,Litoral,21.01,20.69
2019,Misiones,Litoral,21.54,20.69
2020,Misiones,Litoral,21.56,20.69
1901,Corrientes,Litoral,20.58,20.72
1902,Corrientes,Litoral,20.67,20.72
1903,Corrientes,Litoral,20.08,20.72
1904,Corrientes,Litoral,20.13,20.72
1905,Corrientes,Litoral,19.92,20.72
1906,Corrientes,Litoral,20.79,20.72
1907,Corrientes,Litoral,20.1,20.72
1908,Corrientes,Litoral,20.35,20.72
1909,Corrientes,Litoral,20.08,20.72
1910,Corrientes,Litoral,20.18,20.72
1911,Corrientes,Litoral,20.01,20.72
1912,Corrientes,Litoral,20.49,20.72
1913,Corrientes,Litoral,20.72,20.72
1914,Corrientes,Litoral,20.37,20.72
1915,Corrientes,Litoral,20.04,20.72
1916,Corrientes,Litoral,20.14,20.72
1917,Corrientes,Litoral,19.99,20.72
1918,Corrientes,Litoral,19.9,20.72
1919,Corrientes,Litoral,20.64,20.72
1920,Corrientes,Litoral,20.37,20.72
1921,Corrientes,Litoral,19.88,20.72
1922,Corrientes,Litoral,19.83,20.72
1923,Corrientes,Litoral,20.12,20.72
1924,Corrientes,Litoral,19.64,20.72
1925,Corrientes,Litoral,20.41,20.72
1926,Corrientes,Litoral,21.07,20.72
1927,Corrientes,Litoral,20.52,20.72
1928,Corrientes,Litoral,19.86,20.72
1929,Corrientes,Litoral,20.56,20.72
1930,Corrientes,Litoral,20.7,20.72
1931,Corrientes,Litoral,20.04,20.72
1932,Corrientes,Litoral,21.1,20.72
1933,Corrientes,Litoral,21.16,20.72
1934,Corrientes,Litoral,20.62,20.72
1935,Corrientes,Litoral,20.91,20.72
1936,Corrientes,Litoral,20.83,20.72
1937,Corrientes,Litoral,20.7,20.72
1938,Corrientes,Litoral,20.29,20.72
1939,Corrientes,Litoral,20.69,20.72
1940,Corrientes,Litoral,20.53,20.72
1941,Corrientes,Litoral,20.35,20.72
1942,Corrientes,Litoral,20.39,20.72
1943,Corrientes,Litoral,21.03,20.72
1944,Corrientes,Litoral,21.97,20.72
1945,Corrientes,Litoral,21.79,20.72
1946,Corrientes,Litoral,20.62,20.72
1947,Corrientes,Litoral,20.86,20.72
1948,Corrientes,Litoral,21.04,20.72
1949,Corrientes,Litoral,21.09,20.72
1950,Corrientes,Litoral,21.05,20.72
1951,Corrientes,Litoral,21.15,20.72
1952,Corrientes,Litoral,21.12,20.72
1953,Corrientes,Litoral,21.43,20.72
1954,Corrientes,Litoral,20.91,20.72
1955,Corrientes,Litoral,20.45,20.72
1956,Corrientes,Litoral,20.07,20.72
1957,Corrientes,Litoral,20.98,20.72
1958,Corrientes,Litoral,21.16,20.72
1959,Corrientes,Litoral,21.04,20.72
1960,Corrientes,Litoral,21.18,20.72
1961,Corrientes,Litoral,21.34,20.72
1962,Corrientes,Litoral,20.29,20.72
1963,Corrientes,Litoral,21.4,20.72
1964,Corrientes,Litoral,20.24,20.72
1965,Corrientes,Litoral,20.78,20.72
1966,Corrientes,Litoral,20.49,20.72
1967,Corrientes,Litoral,20.99,20.72
1968,Corrientes,Litoral,20.67,20.72
1969,Corrientes,Litoral,20.66,20.72
1970,Corrientes,Litoral,20.9,20.72
1971,Corrientes,Litoral,20.23,20.72
1972,Corrientes,Litoral,20.57,20.72
1973,Corrientes,Litoral,20.24,20.72
1974,Corrientes,Litoral,20.28,20.72
1975,Corrientes,Litoral,20.38,20.72
1976,Corrientes,Litoral,20.05,20.72
1977,Corrientes,Litoral,21.33,20.72
1978,Corrientes,Litoral,20.76,20.72
1979,Corrientes,Litoral,20.48,20.72
1980,Corrientes,Litoral,21.01,20.72
1981,Corrientes,Litoral,20.94,20.72
1982,Corrientes,Litoral,21.19,20.72
1983,Corrientes,Litoral,20.4,20.72
1984,Corrientes,Litoral,20.59,20.72
1985,Corrientes,Litoral,21.45,20.72
1986,Corrientes,Litoral,21.53,20.72
1987,Corrientes,Litoral,20.57,20.72
1988,Corrientes,Litoral,20.26,20.72
1989,Corrientes,Litoral,20.71,20.72
1990,Corrientes,Litoral,20.54,20.72
1991,Corrientes,Litoral,21.25,20.72
1992,Corrientes,Litoral,20.52,20.72
1993,Corrientes,Litoral,20.86,20.72
1994,Corrientes,Litoral,21.52,20.72
1995,Corrientes,Litoral,20.82,20.72
1996,Corrientes,Litoral,20.55,20.72
1997,Corrientes,Litoral,21.5,20.72
1998,Corrientes,Litoral,20.39,20.72
1999,Corrientes,Litoral,20.63,20.72
2000,Corrientes,Litoral,20.42,20.72
2001,Corrientes,Litoral,21.4,20.72
2002,Corrientes,Litoral,21.09,20.72
2003,Corrientes,Litoral,20.86,20.72
2004,Corrientes,Litoral,20.81,20.72
2005,Corrientes,Litoral,20.92,20.72
2006,Corrientes,Litoral,21.52,20.72
2007,Corrientes,Litoral,20.56,20.72
2008,Corrientes,Litoral,21.07,20.72
2009,Corrientes,Litoral,21.01,20.72
2010,Corrientes,Litoral,20.6,20.72
2011,Corrientes,Litoral,20.86,20.72
2012,Corrientes,Litoral,21.64,20.72
2013,Corrientes,Litoral,20.73,20.72
2014,Corrientes,Litoral,21.53,20.72
2015,Corrientes,Litoral,21.53,20.72
2016,Corrientes,Litoral,20.6,20.72
2017,Corrientes,Litoral,21.55,20.72
2018,Corrientes,Litoral,21.09,20.72
2019,Corrientes,Litoral,21.25,20.72
2020,Corrientes,Litoral,21.33,20.72
1901,Santiago Del Estero,NOA,21.48,20.93
1902,Santiago Del Estero,NOA,21.22,20.93
1903,Santiago Del Estero,NOA,20.6,20.93
1904,Santiago Del Estero,NOA,20.76,20.93
1905,Santiago Del Estero,NOA,20.47,20.93
1906,Santiago Del Estero,NOA,21.36,20.93
1907,Santiago Del Estero,NOA,20.45,20.93
1908,Santiago Del Estero,NOA,20.77,20.93
1909,Santiago Del Estero,NOA,20.68,20.93
1910,Santiago Del Estero,NOA,20.63,20.93
1911,Santiago Del Estero,NOA,20.42,20.93
1912,Santiago Del Estero,NOA,21.25,20.93
1913,Santiago Del Estero,NOA,21.67,20.93
1914,Santiago Del Estero,NOA,21.06,20.93
1915,Santiago Del Estero,NOA,20.98,20.93
1916,Santiago Del Estero,NOA,20.86,20.93
1917,Santiago Del Estero,NOA,20.5,20.93
1918,Santiago Del Estero,NOA,20.43,20.93
1919,Santiago Del Estero,NOA,21.18,20.93
1920,Santiago Del Estero,NOA,21.06,20.93
1921,Santiago Del Estero,NOA,20.26,20.93
1922,Santiago Del Estero,NOA,20.21,20.93
1923,Santiago Del Estero,NOA,20.56,20.93
1924,Santiago Del Estero,NOA,20.39,20.93
1925,Santiago Del Estero,NOA,21.03,20.93
1926,Santiago Del Estero,NOA,21.48,20.93
1927,Santiago Del Estero,NOA,20.8,20.93
1928,Santiago Del Estero,NOA,20.05,20.93
1929,Santiago Del Estero,NOA,21.07,20.93
1930,Santiago Del Estero,NOA,21.12,20.93
1931,Santiago Del Estero,NOA,19.94,20.93
1932,Santiago Del Estero,NOA,21.16,20.93
1933,Santiago Del Estero,NOA,20.82,20.93
1934,Santiago Del Estero,NOA,20.49,20.93
1935,Santiago Del Estero,NOA,21.16,20.93
1936,Santiago Del Estero,NOA,21.1,20.93
1937,Santiago Del Estero,NOA,21.33,20.93
1938,Santiago Del Estero,NOA,20.48,20.93
1939,Santiago Del Estero,NOA,20.72,20.93
1940,Santiago Del Estero,NOA,20.44,20.93
1941,Santiago Del Estero,NOA,20.31,20.93
1942,Santiago Del Estero,NOA,20.04,20.93
1943,Santiago Del Estero,NOA,20.42,20.93
1944,Santiago Del Estero,NOA,21.55,20.93
1945,Santiago Del Estero,NOA,21.6,20.93
1946,Santiago Del Estero,NOA,20.71,20.93
1947,Santiago Del Estero,NOA,20.71,20.93
1948,Santiago Del Estero,NOA,21.14,20.93
1949,Santiago Del Estero,NOA,20.68,20.93
1950,Santiago Del Estero,NOA,20.97,20.93
1951,Santiago Del Estero,NOA,21.07,20.93
1952,Santiago Del Estero,NOA,20.66,20.93
1953,Santiago Del Estero,NOA,21.19,20.93
1954,Santiago Del Estero,NOA,20.55,20.93
1955,Santiago Del Estero,NOA,20.24,20.93
1956,Santiago Del Estero,NOA,19.52,20.93
1957,Santiago Del Estero,NOA,20.38,20.93
1958,Santiago Del Estero,NOA,20.83,20.93
1959,Santiago Del Estero,NOA,20.17,20.93
1960,Santiago Del Estero,NOA,20.94,20.93
1961,Santiago Del Estero,NOA,21.36,20.93
1962,Santiago Del Estero,NOA,20.56,20.93
1963,Santiago Del Estero,NOA,21.08,20.93
1964,Santiago Del Estero,NOA,20.56,20.93
1965,Santiago Del Estero,NOA,21.15,20.93
1966,Santiago Del Estero,NOA,20.73,20.93
1967,Santiago Del Estero,NOA,21.22,20.93
1968,Santiago Del Estero,NOA,21.18,20.93
1969,Santiago Del Estero,NOA,21.65,20.93
1970,Santiago Del Estero,NOA,21.57,20.93
1971,Santiago Del Estero,NOA,20.83,20.93
1972,Santiago Del Estero,NOA,21.1,20.93
1973,Santiago Del Estero,NOA,20.64,20.93
1974,Santiago Del Estero,NOA,20.58,20.93
1975,Santiago Del Estero,NOA,20.96,20.93
1976,Santiago Del Estero,NOA,20.46,20.93
1977,Santiago Del Estero,NOA,21.17,20.93
1978,Santiago Del Estero,NOA,21.06,20.93
1979,Santiago Del Estero,NOA,20.64,20.93
1980,Santiago Del Estero,NOA,21.13,20.93
1981,Santiago Del Estero,NOA,21.01,20.93
1982,Santiago Del Estero,NOA,21.2,20.93
1983,Santiago Del Estero,NOA,20.5,20.93
1984,Santiago Del Estero,NOA,20.25,20.93
1985,Santiago Del Estero,NOA,20.99,20.93
1986,Santiago Del Estero,NOA,21.53,20.93
1987,Santiago Del Estero,NOA,20.92,20.93
1988,Santiago Del Estero,NOA,20.65,20.93
1989,Santiago Del Estero,NOA,21.44,20.93
1990,Santiago Del Estero,NOA,20.83,20.93
1991,Santiago Del Estero,NOA,21.14,20.93
1992,Santiago Del Estero,NOA,20.56,20.93
1993,Santiago Del Estero,NOA,20.9,20.93
1994,Santiago Del Estero,NOA,21.95,20.93
1995,Santiago Del Estero,NOA,21.4,20.93
1996,Santiago Del Estero,NOA,21.01,20.93
1997,Santiago Del Estero,NOA,21.89,20.93
1998,Santiago Del Estero,NOA,20.85,20.93
1999,Santiago Del Estero,NOA,20.5,20.93
2000,Santiago Del Estero,NOA,20.48,20.93
2001,Santiago Del Estero,NOA,21.13,20.93
2002,Santiago Del Estero,NOA,21.09,20.93
2003,Santiago Del Estero,NOA,21.52,20.93
2004,Santiago Del Estero,NOA,21.31,20.93
2005,Santiago Del Estero,NOA,21.06,20.93
2006,Santiago Del Estero,NOA,21.78,20.93
2007,Santiago Del Estero,NOA,20.52,20.93
2008,Santiago Del Estero,NOA,21.23,20.93
2009,Santiago Del Estero,NOA,21.65,20.93
2010,Santiago Del Estero,NOA,20.86,20.93
2011,Santiago Del Estero,NOA,21.08,20.93
2012,Santiago Del Estero,NOA,21.95,20.93
2013,Santiago Del Estero,NOA,21.6,20.93
2014,Santiago Del Estero,NOA,21.56,20.93
2015,Santiago Del Estero,NOA,21.59,20.93
2016,Santiago Del Estero,NOA,20.64,20.93
2017,Santiago Del Estero,NOA,21.64,20.93
2018,Santiago Del Estero,NOA,21.19,20.93
2019,Santiago Del Estero,NOA,21.03,20.93
2020,Santiago Del Estero,NOA,21.57,20.93
1901,Chaco,Litoral,22.33,21.91
1902,Chaco,Litoral,22.25,21.91
1903,Chaco,Litoral,21.54,21.91
1904,Chaco,Litoral,21.62,21.91
1905,Chaco,Litoral,21.38,21.91
1906,Chaco,Litoral,22.3,21.91
1907,Chaco,Litoral,21.44,21.91
1908,Chaco,Litoral,21.73,21.91
1909,Chaco,Litoral,21.62,21.91
1910,Chaco,Litoral,21.57,21.91
1911,Chaco,Litoral,21.39,21.91
1912,Chaco,Litoral,22.1,21.91
1913,Chaco,Litoral,22.16,21.91
1914,Chaco,Litoral,21.77,21.91
1915,Chaco,Litoral,21.64,21.91
1916,Chaco,Litoral,21.48,21.91
1917,Chaco,Litoral,21.19,21.91
1918,Chaco,Litoral,21.16,21.91
1919,Chaco,Litoral,22.05,21.91
1920,Chaco,Litoral,21.79,21.91
1921,Chaco,Litoral,21.23,21.91
1922,Chaco,Litoral,21.14,21.91
1923,Chaco,Litoral,21.49,21.91
1924,Chaco,Litoral,21.24,21.91
1925,Chaco,Litoral,21.82,21.91
1926,Chaco,Litoral,22.41,21.91
1927,Chaco,Litoral,21.64,21.91
1928,Chaco,Litoral,21.08,21.91
1929,Chaco,Litoral,21.82,21.91
1930,Chaco,Litoral,22.04,21.91
1931,Chaco,Litoral,21.27,21.91
1932,Chaco,Litoral,22.3,21.91
1933,Chaco,Litoral,22.13,21.91
1934,Chaco,Litoral,21.86,21.91
1935,Chaco,Litoral,22.38,21.91
1936,Chaco,Litoral,22.36,21.91
1937,Chaco,Litoral,22.36,21.91
1938,Chaco,Litoral,21.62,21.91
1939,Chaco,Litoral,21.91,21.91
1940,Chaco,Litoral,21.82,21.91
1941,Chaco,Litoral,21.47,21.91
1942,Chaco,Litoral,21.36,21.91
1943,Chaco,Litoral,21.77,21.91
1944,Chaco,Litoral,22.87,21.91
1945,Chaco,Litoral,22.74,21.91
1946,Chaco,Litoral,21.86,21.91
1947,Chaco,Litoral,21.94,21.91
1948,Chaco,Litoral,22.44,21.91
1949,Chaco,Litoral,22.09,21.91
1950,Chaco,Litoral,22.16,21.91
1951,Chaco,Litoral,22.29,21.91
1952,Chaco,Litoral,22.01,21.91
1953,Chaco,Litoral,22.55,21.91
1954,Chaco,Litoral,21.95,21.91
1955,Chaco,Litoral,21.62,21.91
1956,Chaco,Litoral,20.68,21.91
1957,Chaco,Litoral,21.53,21.91
1958,Chaco,Litoral,21.99,21.91
1959,Chaco,Litoral,21.7,21.91
1960,Chaco,Litoral,21.9,21.91
1961,Chaco,Litoral,22.63,21.91
1962,Chaco,Litoral,21.24,21.91
1963,Chaco,Litoral,22.76,21.91
1964,Chaco,Litoral,21.54,21.91
1965,Chaco,Litoral,21.95,21.91
1966,Chaco,Litoral,21.78,21.91
1967,Chaco,Litoral,22.11,21.91
1968,Chaco,Litoral,21.94,21.91
1969,Chaco,Litoral,22.16,21.91
1970,Chaco,Litoral,22.34,21.91
1971,Chaco,Litoral,21.52,21.91
1972,Chaco,Litoral,21.84,21.91
1973,Chaco,Litoral,21.52,21.91
1974,Chaco,Litoral,21.44,21.91
1975,Chaco,Litoral,21.71,21.91
1976,Chaco,Litoral,21.33,21.91
1977,Chaco,Litoral,22.41,21.91
1978,Chaco,Litoral,22.22,21.91
1979,Chaco,Litoral,21.74,21.91
1980,Chaco,Litoral,21.97,21.91
1981,Chaco,Litoral,21.87,21.91
1982,Chaco,Litoral,22.09,21.91
1983,Chaco,Litoral,21.42,21.91
1984,Chaco,Litoral,21.52,21.91
1985,Chaco,Litoral,22.24,21.91
1986,Chaco,Litoral,22.57,21.91
1987,Chaco,Litoral,21.7,21.91
1988,Chaco,Litoral,21.48,21.91
1989,Chaco,Litoral,21.84,21.91
1990,Chaco,Litoral,21.72,21.91
1991,Chaco,Litoral,22.24,21.91
1992,Chaco,Litoral,21.53,21.91
1993,Chaco,Litoral,21.92,21.91
1994,Chaco,Litoral,22.77,21.91
1995,Chaco,Litoral,21.93,21.91
1996,Chaco,Litoral,21.56,21.91
1997,Chaco,Litoral,22.68,21.91
1998,Chaco,Litoral,21.52,21.91
1999,Chaco,Litoral,21.5,21.91
2000,Chaco,Litoral,21.51,21.91
2001,Chaco,Litoral,22.35,21.91
2002,Chaco,Litoral,22.2,21.91
2003,Chaco,Litoral,22.24,21.91
2004,Chaco,Litoral,21.89,21.91
2005,Chaco,Litoral,21.92,21.91
2006,Chaco,Litoral,22.59,21.91
2007,Chaco,Litoral,21.66,21.91
2008,Chaco,Litoral,22.01,21.91
2009,Chaco,Litoral,22.24,21.91
2010,Chaco,Litoral,21.58,21.91
2011,Chaco,Litoral,21.86,21.91
2012,Chaco,Litoral,22.82,21.91
2013,Chaco,Litoral,22.22,21.91
2014,Chaco,Litoral,22.7,21.91
2015,Chaco,Litoral,22.71,21.91
2016,Chaco,Litoral,21.68,21.91
2017,Chaco,Litoral,22.64,21.91
2018,Chaco,Litoral,22.12,21.91
2019,Chaco,Litoral,22.26,21.91
2020,Chaco,Litoral,22.74,21.91
1901,Formosa,Litoral,23.47,22.97
1902,Formosa,Litoral,23.51,22.97
1903,Formosa,Litoral,22.75,22.97
1904,Formosa,Litoral,22.7,22.97
1905,Formosa,Litoral,22.51,22.97
1906,Formosa,Litoral,23.41,22.97
1907,Formosa,Litoral,22.63,22.97
1908,Formosa,Litoral,22.86,22.97
1909,Formosa,Litoral,22.75,22.97
1910,Formosa,Litoral,22.71,22.97
1911,Formosa,Litoral,22.49,22.97
1912,Formosa,Litoral,23.09,22.97
1913,Formosa,Litoral,22.98,22.97
1914,Formosa,Litoral,22.76,22.97
1915,Formosa,Litoral,22.71,22.97
1916,Formosa,Litoral,22.41,22.97
1917,Formosa,Litoral,22.09,22.97
1918,Formosa,Litoral,22.15,22.97
1919,Formosa,Litoral,23.12,22.97
1920,Formosa,Litoral,22.8,22.97
1921,Formosa,Litoral,22.36,22.97
1922,Formosa,Litoral,22.26,22.97
1923,Formosa,Litoral,22.59,22.97
1924,Formosa,Litoral,22.3,22.97
1925,Formosa,Litoral,22.86,22.97
1926,Formosa,Litoral,23.51,22.97
1927,Formosa,Litoral,22.66,22.97
1928,Formosa,Litoral,22.3,22.97
1929,Formosa,Litoral,22.73,22.97
1930,Formosa,Litoral,23.08,22.97
1931,Formosa,Litoral,22.39,22.97
1932,Formosa,Litoral,23.32,22.97
1933,Formosa,Litoral,23.24,22.97
1934,Formosa,Litoral,23.04,22.97
1935,Formosa,Litoral,23.48,22.97
1936,Formosa,Litoral,23.49,22.97
1937,Formosa,Litoral,23.36,22.97
1938,Formosa,Litoral,22.82,22.97
1939,Formosa,Litoral,23.06,22.97
1940,Formosa,Litoral,23.05,22.97
1941,Formosa,Litoral,22.69,22.97
1942,Formosa,Litoral,22.59,22.97
1943,Formosa,Litoral,22.92,22.97
1944,Formosa,Litoral,23.94,22.97
1945,Formosa,Litoral,23.72,22.97
1946,Formosa,Litoral,23.08,22.97
1947,Formosa,Litoral,23.06,22.97
1948,Formosa,Litoral,23.63,22.97
1949,Formosa,Litoral,23.26,22.97
1950,Formosa,Litoral,23.23,22.97
1951,Formosa,Litoral,23.37,22.97
1952,Formosa,Litoral,23.15,22.97
1953,Formosa,Litoral,23.67,22.97
1954,Formosa,Litoral,23.13,22.97
1955,Formosa,Litoral,22.86,22.97
1956,Formosa,Litoral,21.87,22.97
1957,Formosa,Litoral,22.65,22.97
1958,Formosa,Litoral,23.06,22.97
1959,Formosa,Litoral,22.99,22.97
1960,Formosa,Litoral,22.94,22.97
1961,Formosa,Litoral,23.78,22.97
1962,Formosa,Litoral,22.4,22.97
1963,Formosa,Litoral,24.04,22.97
1964,Formosa,Litoral,22.77,22.97
1965,Formosa,Litoral,23.1,22.97
1966,Formosa,Litoral,23.03,22.97
1967,Formosa,Litoral,23.26,22.97
1968,Formosa,Litoral,23.03,22.97
1969,Formosa,Litoral,23.22,22.97
1970,Formosa,Litoral,23.31,22.97
1971,Formosa,Litoral,22.45,22.97
1972,Formosa,Litoral,22.92,22.97
1973,Formosa,Litoral,22.56,22.97
1974,Formosa,Litoral,22.4,22.97
1975,Formosa,Litoral,22.64,22.97
1976,Formosa,Litoral,22.3,22.97
1977,Formosa,Litoral,23.44,22.97
1978,Formosa,Litoral,23.34,22.97
1979,Formosa,Litoral,22.76,22.97
1980,Formosa,Litoral,22.93,22.97
1981,Formosa,Litoral,22.84,22.97
1982,Formosa,Litoral,22.94,22.97
1983,Formosa,Litoral,22.33,22.97
1984,Formosa,Litoral,22.57,22.97
1985,Formosa,Litoral,23.16,22.97
1986,Formosa,Litoral,23.45,22.97
1987,Formosa,Litoral,22.56,22.97
1988,Formosa,Litoral,22.47,22.97
1989,Formosa,Litoral,22.6,22.97
1990,Formosa,Litoral,22.68,22.97
1991,Formosa,Litoral,23.17,22.97
1992,Formosa,Litoral,22.4,22.97
1993,Formosa,Litoral,22.9,22.97
1994,Formosa,Litoral,23.69,22.97
1995,Formosa,Litoral,22.95,22.97
1996,Formosa,Litoral,22.48,22.97
1997,Formosa,Litoral,23.6,22.97
1998,Formosa,Litoral,22.5,22.97
1999,Formosa,Litoral,22.61,22.97
2000,Formosa,Litoral,22.64,22.97
2001,Formosa,Litoral,23.46,22.97
2002,Formosa,Litoral,23.42,22.97
2003,Formosa,Litoral,23.25,22.97
2004,Formosa,Litoral,22.75,22.97
2005,Formosa,Litoral,22.88,22.97
2006,Formosa,Litoral,23.54,22.97
2007,Formosa,Litoral,22.76,22.97
2008,Formosa,Litoral,22.87,22.97
2009,Formosa,Litoral,23.14,22.97
2010,Formosa,Litoral,22.59,22.97
2011,Formosa,Litoral,22.85,22.97
2012,Formosa,Litoral,23.73,22.97
2013,Formosa,Litoral,23.05,22.97
2014,Formosa,Litoral,23.72,22.97
2015,Formosa,Litoral,23.75,22.97
2016,Formosa,Litoral,22.71,22.97
2017,Formosa,Litoral,23.62,22.97
2018,Formosa,Litoral,23.03,22.97
2019,Formosa,Litoral,23.38,22.97
2020,Formosa,Litoral,23.86,22.97
